"long","lat","group","land"
-1.8,41.2333333333333,14,"多恩"
-1.86666666666667,41.3666666666667,14,"多恩"
-1.9,41.5333333333333,14,"多恩"
-1.93333333333333,41.6333333333333,14,"多恩"
-1.96666666666667,41.8,14,"多恩"
-1.96666666666667,41.9333333333333,14,"多恩"
-1.96666666666667,42.1666666666667,14,"多恩"
-1.93333333333333,42.2333333333333,14,"多恩"
-1.86666666666667,42.3666666666667,14,"多恩"
-1.8,42.4666666666667,14,"多恩"
-1.76666666666667,42.6666666666667,14,"多恩"
-1.66666666666667,42.8333333333333,14,"多恩"
-1.5,43.1,14,"多恩"
-1.36666666666667,43.2333333333333,14,"多恩"
-1.23333333333333,43.3333333333333,14,"多恩"
-1.13333333333333,43.4,14,"多恩"
-0.966666666666667,43.4333333333333,14,"多恩"
-0.833333333333333,43.5,14,"多恩"
-0.7,43.5333333333333,14,"多恩"
-0.566666666666666,43.5666666666667,14,"多恩"
-0.466666666666667,43.6,14,"多恩"
-0.366666666666666,43.6,14,"多恩"
-0.3,43.5333333333333,14,"多恩"
-0.166666666666667,43.5333333333333,14,"多恩"
0,43.5333333333333,14,"多恩"
0.0666666666666664,43.5333333333333,14,"多恩"
0.2,43.5666666666667,14,"多恩"
0.3,43.6333333333333,14,"多恩"
0.4,43.7,14,"多恩"
0.466666666666667,43.7333333333333,14,"多恩"
0.566666666666666,43.7666666666667,14,"多恩"
0.7,43.8333333333333,14,"多恩"
0.866666666666666,43.9,14,"多恩"
1,43.9666666666667,14,"多恩"
1.1,43.9666666666667,14,"多恩"
1.23333333333333,43.9666666666667,14,"多恩"
1.36666666666667,43.9666666666667,14,"多恩"
1.46666666666667,43.9666666666667,14,"多恩"
1.6,43.9666666666667,14,"多恩"
1.7,43.9333333333333,14,"多恩"
1.83333333333333,43.9,14,"多恩"
1.93333333333333,43.7666666666667,14,"多恩"
1.93333333333333,43.6,14,"多恩"
1.96666666666667,43.4333333333333,14,"多恩"
1.93333333333333,43.3333333333333,14,"多恩"
1.86666666666667,43.2333333333333,14,"多恩"
1.76666666666667,43.1666666666667,14,"多恩"
1.66666666666667,43.0333333333333,14,"多恩"
1.73333333333333,42.9666666666667,14,"多恩"
1.63333333333333,42.9,14,"多恩"
1.6,42.8333333333333,14,"多恩"
1.53333333333333,42.7333333333333,14,"多恩"
1.5,42.6666666666667,14,"多恩"
1.43333333333333,42.5666666666667,14,"多恩"
1.43333333333333,42.5,14,"多恩"
1.53333333333333,42.4666666666667,14,"多恩"
1.6,42.5,14,"多恩"
1.66666666666667,42.5,14,"多恩"
1.8,42.4333333333333,14,"多恩"
1.93333333333333,42.4333333333333,14,"多恩"
2,42.4333333333333,14,"多恩"
2.06666666666667,42.4333333333333,14,"多恩"
2.13333333333333,42.4333333333333,14,"多恩"
2.26666666666667,42.4333333333333,14,"多恩"
2.36666666666667,42.4333333333333,14,"多恩"
2.5,42.4666666666667,14,"多恩"
2.56666666666667,42.4333333333333,14,"多恩"
2.66666666666667,42.4,14,"多恩"
2.76666666666667,42.3,14,"多恩"
2.86666666666667,42.2666666666667,14,"多恩"
2.96666666666667,42.2666666666667,14,"多恩"
3,42.2666666666667,14,"多恩"
3.06666666666667,42.2666666666667,14,"多恩"
3.06666666666667,42.1333333333333,14,"多恩"
3.23333333333333,42.1,14,"多恩"
3.33333333333333,42.1,14,"多恩"
3.46666666666667,42.1333333333333,14,"多恩"
3.6,42.2,14,"多恩"
3.73333333333333,42.2666666666667,14,"多恩"
3.86666666666667,42.2,14,"多恩"
4,42.1666666666667,14,"多恩"
4.1,42.1333333333333,14,"多恩"
4.2,42.1,14,"多恩"
4.33333333333333,42.1,14,"多恩"
4.5,42.2,14,"多恩"
4.66666666666667,42.2666666666667,14,"多恩"
4.8,42.3666666666667,14,"多恩"
4.86666666666667,42.3666666666667,14,"多恩"
4.96666666666667,42.4,14,"多恩"
5.1,42.4666666666667,14,"多恩"
5.2,42.6,14,"多恩"
5.13333333333333,42.3,14,"多恩"
5.16666666666667,42.2333333333333,14,"多恩"
5.26666666666667,42.3666666666667,14,"多恩"
5.33333333333333,42.4666666666667,14,"多恩"
5.4,42.5666666666667,14,"多恩"
5.5,42.6666666666667,14,"多恩"
5.43333333333333,42.5333333333333,14,"多恩"
5.43333333333333,42.4,14,"多恩"
5.43333333333333,42.3333333333333,14,"多恩"
5.46666666666667,42.3,14,"多恩"
5.6,42.3333333333333,14,"多恩"
5.6,42.2666666666667,14,"多恩"
5.76666666666667,42.2666666666667,14,"多恩"
5.66666666666667,42.1666666666667,14,"多恩"
5.66666666666667,42.1,14,"多恩"
5.63333333333333,42,14,"多恩"
5.63333333333333,41.9666666666667,14,"多恩"
5.6,41.9333333333333,14,"多恩"
5.6,41.8333333333333,14,"多恩"
5.56666666666667,41.7666666666667,14,"多恩"
5.5,41.7,14,"多恩"
5.43333333333333,41.6666666666667,14,"多恩"
5.36666666666667,41.6666666666667,14,"多恩"
5.23333333333333,41.6,14,"多恩"
5.23333333333333,41.5333333333333,14,"多恩"
5.2,41.3666666666667,14,"多恩"
5.1,41.2666666666667,14,"多恩"
5.03333333333333,41.2333333333333,14,"多恩"
4.96666666666667,41.2333333333333,14,"多恩"
4.9,41.2333333333333,14,"多恩"
4.9,41.2333333333333,14,"多恩"
4.86666666666667,41.1,14,"多恩"
4.76666666666667,40.9666666666667,14,"多恩"
4.66666666666667,40.9333333333333,14,"多恩"
4.6,40.9,14,"多恩"
4.53333333333333,40.8666666666667,14,"多恩"
4.46666666666667,40.7333333333333,14,"多恩"
4.36666666666667,40.6666666666667,14,"多恩"
4.26666666666667,40.7333333333333,14,"多恩"
4.16666666666667,40.7,14,"多恩"
4.06666666666667,40.6666666666667,14,"多恩"
3.9,40.6666666666667,14,"多恩"
3.76666666666667,40.6,14,"多恩"
3.66666666666667,40.6666666666667,14,"多恩"
3.46666666666667,40.7333333333333,14,"多恩"
3.36666666666667,40.8,14,"多恩"
3.26666666666667,40.8,14,"多恩"
3.13333333333333,40.7333333333333,14,"多恩"
2.96666666666667,40.7,14,"多恩"
2.83333333333333,40.7,14,"多恩"
2.76666666666667,40.7,14,"多恩"
2.66666666666667,40.7,14,"多恩"
2.56666666666667,40.7,14,"多恩"
2.46666666666667,40.8333333333333,14,"多恩"
2.4,40.8333333333333,14,"多恩"
2.36666666666667,40.8333333333333,14,"多恩"
2.33333333333333,40.7666666666667,14,"多恩"
2.26666666666667,40.6333333333333,14,"多恩"
2.13333333333333,40.5666666666667,14,"多恩"
1.93333333333333,40.5333333333333,14,"多恩"
1.8,40.4666666666667,14,"多恩"
1.73333333333333,40.5333333333333,14,"多恩"
1.7,40.5666666666667,14,"多恩"
1.6,40.6,14,"多恩"
1.5,40.6,14,"多恩"
1.4,40.6,14,"多恩"
1.3,40.5333333333333,14,"多恩"
1.16666666666667,40.5,14,"多恩"
1,40.5,14,"多恩"
0.833333333333333,40.5,14,"多恩"
0.733333333333333,40.4666666666667,14,"多恩"
0.633333333333334,40.4333333333333,14,"多恩"
0.533333333333333,40.4666666666667,14,"多恩"
0.466666666666667,40.4666666666667,14,"多恩"
0.4,40.5333333333333,14,"多恩"
0.3,40.5666666666667,14,"多恩"
0.233333333333333,40.5666666666667,14,"多恩"
0.133333333333334,40.5,14,"多恩"
0.0333333333333332,40.4333333333333,14,"多恩"
-0.0666666666666664,40.3666666666667,14,"多恩"
-0.166666666666667,40.3666666666667,14,"多恩"
-0.333333333333333,40.3666666666667,14,"多恩"
-0.5,40.3666666666667,14,"多恩"
-0.733333333333333,40.3666666666667,14,"多恩"
-0.933333333333334,40.3666666666667,14,"多恩"
-1.1,40.3666666666667,14,"多恩"
-1.2,40.4666666666667,14,"多恩"
-1.26666666666667,40.5333333333333,14,"多恩"
-1.3,40.7333333333333,14,"多恩"
-1.3,40.8,14,"多恩"
-1.3,40.9,14,"多恩"
-1.3,41.0333333333333,14,"多恩"
-1.3,41.1333333333333,14,"多恩"
-1.33333333333333,41.1666666666667,14,"多恩"
-1.23333333333333,41.3666666666667,14,"多恩"
-1.16666666666667,41.4,14,"多恩"
-1.16666666666667,41.5333333333333,14,"多恩"
-1.16666666666667,41.6,14,"多恩"
-1.23333333333333,41.5666666666667,14,"多恩"
-1.43333333333333,41.4333333333333,14,"多恩"
-1.56666666666667,41.3333333333333,14,"多恩"
-1.66666666666667,41.2666666666667,14,"多恩"
-1.7,41.2,14,"多恩"
5.53333333333333,42.8333333333333,15,"多恩"
5.5,42.8666666666667,15,"多恩"
5.6,42.9333333333333,15,"多恩"
5.63333333333333,42.9333333333333,15,"多恩"
5.66666666666667,43,15,"多恩"
5.66666666666667,43.0333333333333,15,"多恩"
5.66666666666667,43.1,15,"多恩"
5.73333333333333,43.1,15,"多恩"
5.8,43.1,15,"多恩"
5.86666666666667,43.0666666666667,15,"多恩"
5.9,43,15,"多恩"
5.86666666666667,42.9,15,"多恩"
5.8,42.9,15,"多恩"
5.73333333333333,42.8333333333333,15,"多恩"
5.7,42.8,15,"多恩"
5.66666666666667,42.7666666666667,15,"多恩"
5.63333333333333,42.7333333333333,15,"多恩"
5.56666666666667,42.7666666666667,15,"多恩"
5.5,42.8,15,"多恩"
5.5,42.8,15,"多恩"
7.03333333333333,43.6333333333333,16,"多恩"
6.96666666666667,43.6666666666667,16,"多恩"
6.93333333333333,43.6666666666667,16,"多恩"
6.86666666666667,43.6333333333333,16,"多恩"
6.8,43.5666666666667,16,"多恩"
6.8,43.5333333333333,16,"多恩"
6.83333333333333,43.4666666666667,16,"多恩"
6.86666666666667,43.4,16,"多恩"
6.9,43.3666666666667,16,"多恩"
6.93333333333333,43.3333333333333,16,"多恩"
6.96666666666667,43.3333333333333,16,"多恩"
6.93333333333333,43.4333333333333,16,"多恩"
6.93333333333333,43.5,16,"多恩"
6.96666666666667,43.5,16,"多恩"
7.03333333333333,43.5,16,"多恩"
7,43.5333333333333,16,"多恩"
6.56666666666667,42,17,"多恩"
6.66666666666667,42,17,"多恩"
6.76666666666667,42.1,17,"多恩"
6.76666666666667,42.1333333333333,17,"多恩"
6.83333333333333,42.2333333333333,17,"多恩"
6.83333333333333,42.3333333333333,17,"多恩"
6.76666666666667,42.3666666666667,17,"多恩"
6.7,42.3666666666667,17,"多恩"
6.63333333333333,42.3333333333333,17,"多恩"
6.63333333333333,42.3,17,"多恩"
6.7,42.2666666666667,17,"多恩"
6.76666666666667,42.2333333333333,17,"多恩"
6.76666666666667,42.1666666666667,17,"多恩"
6.7,42.0666666666667,17,"多恩"
6.7,42.0666666666667,17,"多恩"
6.63333333333333,42.0666666666667,17,"多恩"
6.63333333333333,42.0333333333333,17,"多恩"
6.76666666666667,43.9666666666667,18,"多恩"
6.8,43.9666666666667,18,"多恩"
6.9,44,18,"多恩"
6.93333333333333,44.0666666666667,18,"多恩"
7,44.1,18,"多恩"
7.06666666666667,44.1333333333333,18,"多恩"
7.13333333333333,44.1666666666667,18,"多恩"
7.16666666666667,44.1333333333333,18,"多恩"
7.1,44.0666666666667,18,"多恩"
7.03333333333333,44,18,"多恩"
6.93333333333333,43.9666666666667,18,"多恩"
6.83333333333333,43.9666666666667,18,"多恩"
6.76666666666667,43.9666666666667,18,"多恩"
6.73333333333333,43.9666666666667,18,"多恩"
7.1,42.5333333333333,19,"多恩"
7.13333333333333,42.5333333333333,19,"多恩"
7.23333333333333,42.5,19,"多恩"
7.26666666666667,42.5,19,"多恩"
7.3,42.4666666666667,19,"多恩"
7.3,42.5,19,"多恩"
7.23333333333333,42.5333333333333,19,"多恩"
7.2,42.5666666666667,19,"多恩"
7.16666666666667,42.6,19,"多恩"
7.13333333333333,42.6,19,"多恩"
6.36666666666667,44.2,20,"多恩"
6.4,44.1333333333333,20,"多恩"
6.43333333333333,44.0333333333333,20,"多恩"
6.43333333333333,43.9666666666667,20,"多恩"
6.5,43.9333333333333,20,"多恩"
6.53333333333333,43.9333333333333,20,"多恩"
6.53333333333333,43.9666666666667,20,"多恩"
6.5,44,20,"多恩"
6.5,44.0333333333333,20,"多恩"
6.5,44.0666666666667,20,"多恩"
6.93333333333333,43,21,"多恩"
6.9,43,21,"多恩"
6.86666666666667,43,21,"多恩"
6.76666666666667,42.9333333333333,21,"多恩"
6.73333333333333,42.9,21,"多恩"
6.6,42.8333333333333,21,"多恩"
6.63333333333333,42.8,21,"多恩"
6.76666666666667,42.8333333333333,21,"多恩"
6.83333333333333,42.9,21,"多恩"
6.86666666666667,42.9,21,"多恩"
6.93333333333333,42.9333333333333,21,"多恩"
6.96666666666667,43,21,"多恩"
6.96666666666667,43,21,"多恩"
6.3,43.4666666666667,22,"多恩"
6.3,43.4666666666667,22,"多恩"
6.2,43.4,22,"多恩"
6.13333333333333,43.3666666666667,22,"多恩"
6.06666666666667,43.3,22,"多恩"
6.03333333333333,43.2,22,"多恩"
6,43.1333333333333,22,"多恩"
6.03333333333333,43.1,22,"多恩"
6.1,43.1,22,"多恩"
6.16666666666667,43.1666666666667,22,"多恩"
6.2,43.1666666666667,22,"多恩"
6.26666666666667,43.2333333333333,22,"多恩"
6.3,43.3333333333333,22,"多恩"
6.33333333333333,43.3666666666667,22,"多恩"
6.33333333333333,43.4333333333333,22,"多恩"
6.2,42.0666666666667,23,"多恩"
6.13333333333333,42.1,23,"多恩"
6.06666666666667,42.0333333333333,23,"多恩"
6.1,42,23,"多恩"
6.03333333333333,41.9333333333333,23,"多恩"
6.1,41.9,23,"多恩"
6.2,41.9666666666667,23,"多恩"
6.2,42,23,"多恩"
6.2,42.0333333333333,23,"多恩"
2.46666666666667,47,7,"王领"
2.33333333333333,47.0666666666667,7,"王领"
2.2,47.0666666666667,7,"王领"
2.06666666666667,47.2,7,"王领"
2,47.3,7,"王领"
1.83333333333333,47.4,7,"王领"
1.76666666666667,47.5,7,"王领"
1.73333333333333,47.6333333333333,7,"王领"
1.86666666666667,47.6666666666667,7,"王领"
2,47.7666666666667,7,"王领"
2.13333333333333,47.9,7,"王领"
2.23333333333333,48.1,7,"王领"
2.33333333333333,48.2,7,"王领"
2.4,48.3,7,"王领"
2.46666666666667,48.4666666666667,7,"王领"
2.53333333333333,48.5666666666667,7,"王领"
2.6,48.6666666666667,7,"王领"
2.66666666666667,48.7666666666667,7,"王领"
2.73333333333333,48.8333333333333,7,"王领"
2.83333333333333,48.9,7,"王领"
2.9,48.9333333333333,7,"王领"
2.96666666666667,48.9666666666667,7,"王领"
3.06666666666667,49.0666666666667,7,"王领"
3.13333333333333,49.1666666666667,7,"王领"
3.13333333333333,49.2333333333333,7,"王领"
3.16666666666667,49.3333333333333,7,"王领"
3.23333333333333,49.6,7,"王领"
3.36666666666667,49.6333333333333,7,"王领"
3.46666666666667,49.6333333333333,7,"王领"
3.6,49.6666666666667,7,"王领"
3.76666666666667,49.6333333333333,7,"王领"
3.86666666666667,49.6333333333333,7,"王领"
3.96666666666667,49.5666666666667,7,"王领"
4.1,49.5666666666667,7,"王领"
4.26666666666667,49.6666666666667,7,"王领"
4.4,49.8,7,"王领"
4.56666666666667,49.8666666666667,7,"王领"
4.7,49.9333333333333,7,"王领"
4.9,50.0666666666667,7,"王领"
5.06666666666667,50.2,7,"王领"
5.16666666666667,50.3,7,"王领"
5.33333333333333,50.3666666666667,7,"王领"
5.26666666666667,50.3,7,"王领"
5.23333333333333,50.1,7,"王领"
5.2,50.0333333333333,7,"王领"
5.2,49.9333333333333,7,"王领"
5.13333333333333,49.9,7,"王领"
5.06666666666667,49.8,7,"王领"
5.03333333333333,49.6666666666667,7,"王领"
5.13333333333333,49.6333333333333,7,"王领"
5.1,49.5666666666667,7,"王领"
5,49.5,7,"王领"
4.9,49.4333333333333,7,"王领"
4.8,49.3666666666667,7,"王领"
4.7,49.3,7,"王领"
4.56666666666667,49.3,7,"王领"
4.56666666666667,49.3,7,"王领"
4.46666666666667,49.2666666666667,7,"王领"
4.36666666666667,49.2333333333333,7,"王领"
4.3,49.2333333333333,7,"王领"
4.23333333333333,49.1666666666667,7,"王领"
4.23333333333333,49.0333333333333,7,"王领"
4.13333333333333,48.9666666666667,7,"王领"
4.03333333333333,48.9666666666667,7,"王领"
3.96666666666667,48.9666666666667,7,"王领"
3.86666666666667,48.9666666666667,7,"王领"
3.8,48.9333333333333,7,"王领"
3.73333333333333,48.8666666666667,7,"王领"
3.73333333333333,48.8,7,"王领"
3.7,48.7333333333333,7,"王领"
3.66666666666667,48.7,7,"王领"
3.6,48.6,7,"王领"
3.53333333333333,48.5666666666667,7,"王领"
3.53333333333333,48.4666666666667,7,"王领"
3.6,48.4333333333333,7,"王领"
3.73333333333333,48.4333333333333,7,"王领"
3.8,48.4,7,"王领"
3.7,48.3333333333333,7,"王领"
3.6,48.2666666666667,7,"王领"
3.6,48.2666666666667,7,"王领"
3.6,48.2666666666667,7,"王领"
3.6,48.0666666666667,7,"王领"
3.5,47.9,7,"王领"
3.4,47.8666666666667,7,"王领"
3.4,47.7666666666667,7,"王领"
3.4,47.7666666666667,7,"王领"
3.3,47.6,7,"王领"
3.16666666666667,47.6,7,"王领"
3.1,47.5666666666667,7,"王领"
3.03333333333333,47.5666666666667,7,"王领"
3.06666666666667,47.6333333333333,7,"王领"
2.96666666666667,47.6,7,"王领"
2.86666666666667,47.6,7,"王领"
2.73333333333333,47.5,7,"王领"
2.63333333333333,47.3666666666667,7,"王领"
2.66666666666667,47.2666666666667,7,"王领"
2.7,47.1666666666667,7,"王领"
2.83333333333333,47.1333333333333,7,"王领"
2.93333333333333,47.1333333333333,7,"王领"
3.03333333333333,47.1666666666667,7,"王领"
3.13333333333333,47.2,7,"王领"
3.26666666666667,47.2333333333333,7,"王领"
3.46666666666667,47.3,7,"王领"
3.6,47.3,7,"王领"
3.7,47.4,7,"王领"
3.86666666666667,47.5333333333333,7,"王领"
3.83333333333333,47.3,7,"王领"
3.83333333333333,47.2,7,"王领"
3.93333333333333,47.2,7,"王领"
4.06666666666667,47.2666666666667,7,"王领"
4.2,47.3666666666667,7,"王领"
4.3,47.4666666666667,7,"王领"
4.46666666666667,47.6,7,"王领"
4.6,47.6666666666667,7,"王领"
4.66666666666667,47.8,7,"王领"
4.7,47.9666666666667,7,"王领"
4.7,48.1666666666667,7,"王领"
4.7,48.3,7,"王领"
4.7,48.4,7,"王领"
4.76666666666667,48.3,7,"王领"
4.76666666666667,48.1666666666667,7,"王领"
4.8,48.0333333333333,7,"王领"
4.86666666666667,47.9666666666667,7,"王领"
4.96666666666667,47.9333333333333,7,"王领"
4.9,47.8,7,"王领"
4.8,47.7,7,"王领"
4.8,47.6,7,"王领"
4.76666666666667,47.6,7,"王领"
4.73333333333333,47.5333333333333,7,"王领"
4.66666666666667,47.4666666666667,7,"王领"
4.66666666666667,47.3333333333333,7,"王领"
4.66666666666667,47.3,7,"王领"
4.66666666666667,47.2,7,"王领"
4.63333333333333,47.1,7,"王领"
4.53333333333333,47.1,7,"王领"
4.46666666666667,47.1,7,"王领"
4.5,46.9333333333333,7,"王领"
4.33333333333333,46.9,7,"王领"
4.23333333333333,46.9,7,"王领"
4.16666666666667,46.8666666666667,7,"王领"
4.06666666666667,46.8666666666667,7,"王领"
3.96666666666667,46.8666666666667,7,"王领"
3.8,46.8333333333333,7,"王领"
3.7,46.8333333333333,7,"王领"
3.56666666666667,46.8333333333333,7,"王领"
3.43333333333333,46.8333333333333,7,"王领"
3.23333333333333,46.8333333333333,7,"王领"
3.1,46.9,7,"王领"
2.96666666666667,46.9,7,"王领"
2.83333333333333,46.9666666666667,7,"王领"
2.7,46.9333333333333,7,"王领"
4.4,48.8,8,"王领"
4.46666666666667,48.8666666666667,8,"王领"
4.53333333333333,48.8333333333333,8,"王领"
4.56666666666667,48.8333333333333,8,"王领"
4.6,48.8,8,"王领"
4.66666666666667,48.8,8,"王领"
4.73333333333333,48.8,8,"王领"
4.76666666666667,48.8333333333333,8,"王领"
4.83333333333333,48.8666666666667,8,"王领"
4.83333333333333,48.8666666666667,8,"王领"
4.9,48.9,8,"王领"
4.9,48.9333333333333,8,"王领"
4.96666666666667,48.9666666666667,8,"王领"
5.03333333333333,49,8,"王领"
5.06666666666667,49,8,"王领"
5.06666666666667,49,8,"王领"
5.13333333333333,49,8,"王领"
5.16666666666667,49,8,"王领"
5.16666666666667,48.9666666666667,8,"王领"
5.16666666666667,48.9666666666667,8,"王领"
5.13333333333333,48.9666666666667,8,"王领"
5.1,48.9333333333333,8,"王领"
5.06666666666667,48.9333333333333,8,"王领"
5.06666666666667,48.8666666666667,8,"王领"
5.03333333333333,48.8666666666667,8,"王领"
4.96666666666667,48.8333333333333,8,"王领"
4.93333333333333,48.8,8,"王领"
4.9,48.8,8,"王领"
4.8,48.7666666666667,8,"王领"
4.76666666666667,48.7666666666667,8,"王领"
4.73333333333333,48.7333333333333,8,"王领"
4.73333333333333,48.7333333333333,8,"王领"
4.6,48.7,8,"王领"
4.6,48.7,8,"王领"
4.53333333333333,48.6333333333333,8,"王领"
4.5,48.6333333333333,8,"王领"
4.43333333333333,48.6333333333333,8,"王领"
4.4,48.6333333333333,8,"王领"
4.36666666666667,48.6666666666667,8,"王领"
4.4,48.7,8,"王领"
4.4,48.7333333333333,8,"王领"
-3.7,51.7333333333333,24,"铁群岛"
-3.76666666666667,51.6666666666667,24,"铁群岛"
-3.76666666666667,51.6666666666667,24,"铁群岛"
-3.76666666666667,51.6333333333333,24,"铁群岛"
-3.8,51.5333333333333,24,"铁群岛"
-3.8,51.5,24,"铁群岛"
-3.76666666666667,51.4666666666667,24,"铁群岛"
-3.8,51.3666666666667,24,"铁群岛"
-3.83333333333333,51.3666666666667,24,"铁群岛"
-3.8,51.3333333333333,24,"铁群岛"
-3.73333333333333,51.2333333333333,24,"铁群岛"
-3.7,51.1666666666667,24,"铁群岛"
-3.7,51.1,24,"铁群岛"
-3.66666666666667,51.1,24,"铁群岛"
-3.63333333333333,51.1,24,"铁群岛"
-3.6,51.1,24,"铁群岛"
-3.53333333333333,51.1,24,"铁群岛"
-3.46666666666667,51.0666666666667,24,"铁群岛"
-3.43333333333333,51.0666666666667,24,"铁群岛"
-3.36666666666667,51.0666666666667,24,"铁群岛"
-3.3,51.0666666666667,24,"铁群岛"
-3.23333333333333,51.1333333333333,24,"铁群岛"
-3.2,51.1333333333333,24,"铁群岛"
-3.13333333333333,51.2,24,"铁群岛"
-3.13333333333333,51.2,24,"铁群岛"
-3.16666666666667,51.3,24,"铁群岛"
-3.16666666666667,51.3,24,"铁群岛"
-3.23333333333333,51.3,24,"铁群岛"
-3.33333333333333,51.3,24,"铁群岛"
-3.4,51.3,24,"铁群岛"
-3.46666666666667,51.3333333333333,24,"铁群岛"
-3.5,51.3666666666667,24,"铁群岛"
-3.53333333333333,51.4333333333333,24,"铁群岛"
-3.53333333333333,51.4666666666667,24,"铁群岛"
-3.53333333333333,51.5333333333333,24,"铁群岛"
-3.5,51.6,24,"铁群岛"
-3.5,51.6333333333333,24,"铁群岛"
-3.53333333333333,51.6666666666667,24,"铁群岛"
-3.56666666666667,51.7,24,"铁群岛"
-3.63333333333333,51.7333333333333,24,"铁群岛"
-3.66666666666667,51.7333333333333,24,"铁群岛"
-2.23333333333333,51.6333333333333,25,"铁群岛"
-2.23333333333333,51.6,25,"铁群岛"
-2.26666666666667,51.5333333333333,25,"铁群岛"
-2.3,51.5333333333333,25,"铁群岛"
-2.33333333333333,51.4666666666667,25,"铁群岛"
-2.36666666666667,51.4666666666667,25,"铁群岛"
-2.43333333333333,51.4333333333333,25,"铁群岛"
-2.5,51.4,25,"铁群岛"
-2.56666666666667,51.4,25,"铁群岛"
-2.56666666666667,51.3,25,"铁群岛"
-2.53333333333333,51.2666666666667,25,"铁群岛"
-2.5,51.2,25,"铁群岛"
-2.43333333333333,51.1666666666667,25,"铁群岛"
-2.36666666666667,51.1666666666667,25,"铁群岛"
-2.36666666666667,51.1666666666667,25,"铁群岛"
-2.3,51.1666666666667,25,"铁群岛"
-2.23333333333333,51.1666666666667,25,"铁群岛"
-2.13333333333333,51.2,25,"铁群岛"
-2.1,51.2,25,"铁群岛"
-2.1,51.2666666666667,25,"铁群岛"
-2.13333333333333,51.3,25,"铁群岛"
-2.13333333333333,51.3666666666667,25,"铁群岛"
-2.16666666666667,51.4333333333333,25,"铁群岛"
-2.16666666666667,51.4666666666667,25,"铁群岛"
-2.16666666666667,51.5,25,"铁群岛"
-2.16666666666667,51.5333333333333,25,"铁群岛"
-3.16666666666667,50.9666666666667,26,"铁群岛"
-3.16666666666667,50.9666666666667,26,"铁群岛"
-3.13333333333333,50.9,26,"铁群岛"
-3.1,50.8333333333333,26,"铁群岛"
-3.03333333333333,50.8333333333333,26,"铁群岛"
-2.96666666666667,50.8333333333333,26,"铁群岛"
-2.93333333333333,50.8333333333333,26,"铁群岛"
-2.83333333333333,50.8333333333333,26,"铁群岛"
-2.83333333333333,50.9,26,"铁群岛"
-2.9,50.9666666666667,26,"铁群岛"
-2.86666666666667,51.0666666666667,26,"铁群岛"
-2.9,51.0666666666667,26,"铁群岛"
-2.93333333333333,51.0333333333333,26,"铁群岛"
-2.96666666666667,51,26,"铁群岛"
-3,50.9666666666667,26,"铁群岛"
-3.03333333333333,50.9666666666667,26,"铁群岛"
-3.06666666666667,50.9333333333333,26,"铁群岛"
-3.1,50.9333333333333,26,"铁群岛"
-2.86666666666667,51.9666666666667,27,"铁群岛"
-2.8,51.9666666666667,27,"铁群岛"
-2.76666666666667,51.9666666666667,27,"铁群岛"
-2.7,51.9333333333333,27,"铁群岛"
-2.63333333333333,51.9333333333333,27,"铁群岛"
-2.63333333333333,52,27,"铁群岛"
-2.66666666666667,52.0333333333333,27,"铁群岛"
-2.73333333333333,52.0333333333333,27,"铁群岛"
-2.76666666666667,52.0333333333333,27,"铁群岛"
-2.8,52.0333333333333,27,"铁群岛"
-2.83333333333333,52,27,"铁群岛"
-2.86666666666667,51.9666666666667,27,"铁群岛"
-3.56666666666667,50.8333333333333,28,"铁群岛"
-3.5,50.8,28,"铁群岛"
-3.5,50.7666666666667,28,"铁群岛"
-3.43333333333333,50.7666666666667,28,"铁群岛"
-3.4,50.7666666666667,28,"铁群岛"
-3.4,50.8,28,"铁群岛"
-3.4,50.8333333333333,28,"铁群岛"
-3.5,50.8666666666667,28,"铁群岛"
-3.5,50.8666666666667,28,"铁群岛"
-3.53333333333333,50.8666666666667,28,"铁群岛"
-2.93333333333333,51.5333333333333,29,"铁群岛"
-2.86666666666667,51.5666666666667,29,"铁群岛"
-2.83333333333333,51.5666666666667,29,"铁群岛"
-2.76666666666667,51.5333333333333,29,"铁群岛"
-2.63333333333333,51.5666666666667,29,"铁群岛"
-2.63333333333333,51.6,29,"铁群岛"
-2.7,51.6666666666667,29,"铁群岛"
-2.73333333333333,51.6666666666667,29,"铁群岛"
-2.76666666666667,51.6666666666667,29,"铁群岛"
-2.76666666666667,51.6666666666667,29,"铁群岛"
-2.8,51.6666666666667,29,"铁群岛"
-2.83333333333333,51.6,29,"铁群岛"
-2.86666666666667,51.5666666666667,29,"铁群岛"
-2.9,51.5666666666667,29,"铁群岛"
-1.1,52.7666666666667,1,"北境"
-1.2,52.8666666666667,1,"北境"
-1.2,53.0333333333333,1,"北境"
-1.26666666666667,53.0666666666667,1,"北境"
-1.36666666666667,53.1333333333333,1,"北境"
-1.46666666666667,53.1666666666667,1,"北境"
-1.53333333333333,53.2666666666667,1,"北境"
-1.66666666666667,53.3666666666667,1,"北境"
-1.76666666666667,53.4666666666667,1,"北境"
-1.86666666666667,53.6,1,"北境"
-1.96666666666667,53.6666666666667,1,"北境"
-2.06666666666667,53.7,1,"北境"
-2.2,53.7,1,"北境"
-2.33333333333333,53.7,1,"北境"
-2.43333333333333,53.7,1,"北境"
-2.5,53.7,1,"北境"
-2.56666666666667,53.6333333333333,1,"北境"
-2.63333333333333,53.5666666666667,1,"北境"
-2.73333333333333,53.6,1,"北境"
-2.83333333333333,53.6,1,"北境"
-2.93333333333333,53.6,1,"北境"
-3,53.6,1,"北境"
-3.06666666666667,53.5666666666667,1,"北境"
-3.06666666666667,53.5,1,"北境"
-3.13333333333333,53.4666666666667,1,"北境"
-3.2,53.4333333333333,1,"北境"
-3.2,53.4666666666667,1,"北境"
-3.26666666666667,53.4666666666667,1,"北境"
-3.33333333333333,53.5,1,"北境"
-3.33333333333333,53.5,1,"北境"
-3.36666666666667,53.5,1,"北境"
-3.43333333333333,53.4333333333333,1,"北境"
-3.5,53.5333333333333,1,"北境"
-3.63333333333333,53.4666666666667,1,"北境"
-3.83333333333333,53.4666666666667,1,"北境"
-3.93333333333333,53.5666666666667,1,"北境"
-4,53.6333333333333,1,"北境"
-4.06666666666667,53.8,1,"北境"
-4.03333333333333,53.9666666666667,1,"北境"
-4.03333333333333,54,1,"北境"
-3.86666666666667,54.1333333333333,1,"北境"
-3.8,54.2666666666667,1,"北境"
-3.7,54.4666666666667,1,"北境"
-3.63333333333333,54.5666666666667,1,"北境"
-3.53333333333333,54.6333333333333,1,"北境"
-3.43333333333333,54.5666666666667,1,"北境"
-3.4,54.5333333333333,1,"北境"
-3.33333333333333,54.5333333333333,1,"北境"
-3.26666666666667,54.6333333333333,1,"北境"
-3.26666666666667,54.5333333333333,1,"北境"
-3.2,54.4666666666667,1,"北境"
-3.1,54.4,1,"北境"
-3,54.4,1,"北境"
-2.8,54.4333333333333,1,"北境"
-2.86666666666667,54.6,1,"北境"
-2.9,54.6333333333333,1,"北境"
-2.76666666666667,54.6333333333333,1,"北境"
-2.66666666666667,54.7,1,"北境"
-2.6,54.7333333333333,1,"北境"
-2.5,54.8,1,"北境"
-2.46666666666667,54.9333333333333,1,"北境"
-2.36666666666667,55.0333333333333,1,"北境"
-2.2,55.1,1,"北境"
-2.1,55.0666666666667,1,"北境"
-1.96666666666667,55.1,1,"北境"
-1.86666666666667,55.1,1,"北境"
-1.83333333333333,55,1,"北境"
-1.73333333333333,55,1,"北境"
-1.6,55.0333333333333,1,"北境"
-1.43333333333333,55.1333333333333,1,"北境"
-1.23333333333333,55.1666666666667,1,"北境"
-1.1,55.2,1,"北境"
-1,55.2333333333333,1,"北境"
-0.9,55.2666666666667,1,"北境"
-0.7,55.3333333333333,1,"北境"
-0.866666666666666,55.4333333333333,1,"北境"
-1.03333333333333,55.5,1,"北境"
-1.06666666666667,55.5,1,"北境"
-1.16666666666667,55.5,1,"北境"
-1.2,55.4333333333333,1,"北境"
-1.33333333333333,55.3666666666667,1,"北境"
-1.43333333333333,55.3666666666667,1,"北境"
-1.5,55.3666666666667,1,"北境"
-1.56666666666667,55.3666666666667,1,"北境"
-1.63333333333333,55.3333333333333,1,"北境"
-1.76666666666667,55.3,1,"北境"
-1.9,55.3,1,"北境"
-2.03333333333333,55.3,1,"北境"
-2.1,55.3333333333333,1,"北境"
-2.2,55.4333333333333,1,"北境"
-2.2,55.4333333333333,1,"北境"
-2.26666666666667,55.3666666666667,1,"北境"
-2.33333333333333,55.3666666666667,1,"北境"
-2.43333333333333,55.3666666666667,1,"北境"
-2.5,55.3,1,"北境"
-2.56666666666667,55.2333333333333,1,"北境"
-2.66666666666667,55.2333333333333,1,"北境"
-2.76666666666667,55.2333333333333,1,"北境"
-2.86666666666667,55.2333333333333,1,"北境"
-2.93333333333333,55.2333333333333,1,"北境"
-3,55.3,1,"北境"
-3.13333333333333,55.3666666666667,1,"北境"
-3.16666666666667,55.4333333333333,1,"北境"
-3.2,55.5666666666667,1,"北境"
-3.33333333333333,55.6333333333333,1,"北境"
-3.46666666666667,55.8,1,"北境"
-3.46666666666667,56.0333333333333,1,"北境"
-3.53333333333333,56.2,1,"北境"
-3.6,56.3666666666667,1,"北境"
-3.6,56.5333333333333,1,"北境"
-3.73333333333333,56.6,1,"北境"
-3.83333333333333,56.6,1,"北境"
-3.93333333333333,56.6,1,"北境"
-4,56.4666666666667,1,"北境"
-4.1,56.4666666666667,1,"北境"
-4.1,56.7333333333333,1,"北境"
-4.26666666666667,57,1,"北境"
-4.2,57.2666666666667,1,"北境"
-4.06666666666667,57.5,1,"北境"
-4.03333333333333,57.8,1,"北境"
-3.83333333333333,58.1666666666667,1,"北境"
-3.63333333333333,58.2666666666667,1,"北境"
-3.46666666666667,58.2666666666667,1,"北境"
-3.3,58.2,1,"北境"
-3.16666666666667,58.1666666666667,1,"北境"
-3.03333333333333,58.1666666666667,1,"北境"
-3.06666666666667,58.3666666666667,1,"北境"
-3,58.5,1,"北境"
-3.13333333333333,58.7,1,"北境"
-3.03333333333333,58.7,1,"北境"
-2.93333333333333,58.7,1,"北境"
-2.86666666666667,58.7333333333333,1,"北境"
-2.86666666666667,58.8333333333333,1,"北境"
-2.93333333333333,58.9333333333333,1,"北境"
-3.03333333333333,59,1,"北境"
-3,59.1666666666667,1,"北境"
-3,59.2,1,"北境"
-2.9,59.2666666666667,1,"北境"
-2.8,59.3666666666667,1,"北境"
-2.8,59.5666666666667,1,"北境"
-2.83333333333333,59.7666666666667,1,"北境"
-2.76666666666667,60.0333333333333,1,"北境"
-2.86666666666667,60.1666666666667,1,"北境"
-2.96666666666667,60.2666666666667,1,"北境"
-3.13333333333333,60.3,1,"北境"
-3.26666666666667,60.3666666666667,1,"北境"
-3.1,60.5,1,"北境"
-2.93333333333333,60.5333333333333,1,"北境"
-2.86666666666667,60.5333333333333,1,"北境"
-2.76666666666667,60.4333333333333,1,"北境"
-2.7,60.4333333333333,1,"北境"
-2.6,60.3666666666667,1,"北境"
-2.53333333333333,60.3333333333333,1,"北境"
-2.53333333333333,60.2333333333333,1,"北境"
-2.46666666666667,60.1333333333333,1,"北境"
-2.4,60.0666666666667,1,"北境"
-2.26666666666667,60.0333333333333,1,"北境"
-2.2,59.9666666666667,1,"北境"
-2.2,59.9,1,"北境"
-2.2,59.8,1,"北境"
-2.16666666666667,59.7333333333333,1,"北境"
-2.03333333333333,59.7333333333333,1,"北境"
-1.93333333333333,59.7,1,"北境"
-1.86666666666667,59.8666666666667,1,"北境"
-1.7,59.9,1,"北境"
-1.56666666666667,60,1,"北境"
-1.53333333333333,60.1333333333333,1,"北境"
-1.53333333333333,60.3333333333333,1,"北境"
-1.53333333333333,60.5333333333333,1,"北境"
-1.5,60.8,1,"北境"
-1.46666666666667,60.5666666666667,1,"北境"
-1.46666666666667,60.4,1,"北境"
-1.36666666666667,60.3333333333333,1,"北境"
-1.26666666666667,60.2666666666667,1,"北境"
-1.13333333333333,60.2333333333333,1,"北境"
-1,60.2666666666667,1,"北境"
-0.966666666666667,60.2666666666667,1,"北境"
-0.833333333333333,60.2666666666667,1,"北境"
-0.666666666666667,60.4333333333333,1,"北境"
-0.533333333333333,60.4333333333333,1,"北境"
-0.5,60.4333333333333,1,"北境"
-0.4,60.5333333333333,1,"北境"
-0.3,60.6333333333333,1,"北境"
-0.2,60.8333333333333,1,"北境"
-0.233333333333333,61.0333333333333,1,"北境"
-0.0999999999999996,61.1666666666667,1,"北境"
-0.0999999999999996,61.4333333333333,1,"北境"
-0.233333333333333,61.7,1,"北境"
-0.0666666666666664,61.7666666666667,1,"北境"
-0.3,61.7,1,"北境"
-0.433333333333334,61.7,1,"北境"
-0.3,61.6333333333333,1,"北境"
-0.233333333333333,61.6666666666667,1,"北境"
-0.2,61.6,1,"北境"
0.0999999999999996,61.9666666666667,1,"北境"
0.3,62.1666666666667,1,"北境"
0.433333333333334,62.1666666666667,1,"北境"
0.6,62.3666666666667,1,"北境"
0.766666666666667,62.6666666666667,1,"北境"
1,62.9333333333333,1,"北境"
1.2,63.0333333333333,1,"北境"
1.46666666666667,63.0333333333333,1,"北境"
1.56666666666667,62.9666666666667,1,"北境"
1.73333333333333,62.9666666666667,1,"北境"
1.9,62.9666666666667,1,"北境"
2.13333333333333,62.8666666666667,1,"北境"
2,63.0333333333333,1,"北境"
2.23333333333333,62.9666666666667,1,"北境"
2.4,62.9333333333333,1,"北境"
2.53333333333333,62.9,1,"北境"
2.73333333333333,62.8666666666667,1,"北境"
3,62.8666666666667,1,"北境"
3.23333333333333,62.8666666666667,1,"北境"
3.36666666666667,62.7333333333333,1,"北境"
3.26666666666667,62.5666666666667,1,"北境"
3.26666666666667,62.3666666666667,1,"北境"
3.43333333333333,62.2333333333333,1,"北境"
3.5,62.1333333333333,1,"北境"
3.56666666666667,62,1,"北境"
3.56666666666667,61.9,1,"北境"
3.6,61.8,1,"北境"
3.63333333333333,61.6333333333333,1,"北境"
3.66666666666667,61.4333333333333,1,"北境"
3.66666666666667,61.3,1,"北境"
3.66666666666667,61.2,1,"北境"
3.76666666666667,61.2333333333333,1,"北境"
3.9,61.2333333333333,1,"北境"
3.96666666666667,61.1333333333333,1,"北境"
4.13333333333333,61.1333333333333,1,"北境"
4.26666666666667,61.0666666666667,1,"北境"
4.36666666666667,61.0666666666667,1,"北境"
4.46666666666667,61.0333333333333,1,"北境"
4.6,60.9,1,"北境"
4.76666666666667,60.9,1,"北境"
4.93333333333333,61,1,"北境"
5.1,61.0333333333333,1,"北境"
5.2,61.0333333333333,1,"北境"
5.33333333333333,61.0333333333333,1,"北境"
5.36666666666667,60.8666666666667,1,"北境"
5.4,60.8,1,"北境"
5.43333333333333,60.6666666666667,1,"北境"
5.5,60.6,1,"北境"
5.46666666666667,60.5333333333333,1,"北境"
5.53333333333333,60.4,1,"北境"
5.53333333333333,60.3333333333333,1,"北境"
5.46666666666667,60.2333333333333,1,"北境"
5.46666666666667,60.1,1,"北境"
5.46666666666667,60.0333333333333,1,"北境"
5.4,60,1,"北境"
5.36666666666667,59.8333333333333,1,"北境"
5.3,59.7333333333333,1,"北境"
5.26666666666667,59.6333333333333,1,"北境"
5.23333333333333,59.4666666666667,1,"北境"
5.23333333333333,59.4,1,"北境"
5.23333333333333,59.2666666666667,1,"北境"
5.23333333333333,59.2,1,"北境"
5.2,59.0333333333333,1,"北境"
5.06666666666667,59.1666666666667,1,"北境"
5,59.3666666666667,1,"北境"
4.83333333333333,59.5333333333333,1,"北境"
4.8,59.5333333333333,1,"北境"
4.76666666666667,59.4666666666667,1,"北境"
4.76666666666667,59.4,1,"北境"
4.73333333333333,59.3,1,"北境"
4.73333333333333,59.2666666666667,1,"北境"
4.66666666666667,59.2333333333333,1,"北境"
4.66666666666667,59.1333333333333,1,"北境"
4.63333333333333,59.0333333333333,1,"北境"
4.6,58.9,1,"北境"
4.56666666666667,58.8,1,"北境"
4.5,58.8,1,"北境"
4.4,58.8,1,"北境"
4.33333333333333,58.8,1,"北境"
4.3,58.7,1,"北境"
4.3,58.5333333333333,1,"北境"
4.23333333333333,58.5333333333333,1,"北境"
4.1,58.4666666666667,1,"北境"
3.93333333333333,58.6666666666667,1,"北境"
3.73333333333333,58.7666666666667,1,"北境"
3.73333333333333,58.6,1,"北境"
3.83333333333333,58.5,1,"北境"
3.76666666666667,58.4333333333333,1,"北境"
3.8,58.3666666666667,1,"北境"
3.8,58.3,1,"北境"
3.66666666666667,58.3,1,"北境"
3.7,58.1666666666667,1,"北境"
3.8,58.0666666666667,1,"北境"
3.93333333333333,58.0333333333333,1,"北境"
4,57.9333333333333,1,"北境"
4,57.8,1,"北境"
4.03333333333333,57.7333333333333,1,"北境"
3.96666666666667,57.7333333333333,1,"北境"
3.83333333333333,57.6666666666667,1,"北境"
3.83333333333333,57.5666666666667,1,"北境"
3.93333333333333,57.4666666666667,1,"北境"
4.03333333333333,57.3666666666667,1,"北境"
4.03333333333333,57.3,1,"北境"
4.06666666666667,57.1666666666667,1,"北境"
4.2,57.1666666666667,1,"北境"
4.3,57.1666666666667,1,"北境"
4.33333333333333,57.0666666666667,1,"北境"
4.33333333333333,56.9666666666667,1,"北境"
4.3,56.8333333333333,1,"北境"
4.33333333333333,56.7333333333333,1,"北境"
4.33333333333333,56.6,1,"北境"
4.36666666666667,56.4666666666667,1,"北境"
4.43333333333333,56.4,1,"北境"
4.6,56.4,1,"北境"
4.73333333333333,56.3666666666667,1,"北境"
4.73333333333333,56.2666666666667,1,"北境"
4.83333333333333,56.2666666666667,1,"北境"
4.96666666666667,56.2333333333333,1,"北境"
5,56.1,1,"北境"
4.76666666666667,56.1666666666667,1,"北境"
4.7,56.1666666666667,1,"北境"
4.53333333333333,56.1666666666667,1,"北境"
4.4,56.2333333333333,1,"北境"
4.23333333333333,56.2333333333333,1,"北境"
4.03333333333333,56.2666666666667,1,"北境"
3.86666666666667,56.3666666666667,1,"北境"
3.76666666666667,56.3666666666667,1,"北境"
3.6,56.4,1,"北境"
3.56666666666667,56.4,1,"北境"
3.56666666666667,56.2,1,"北境"
3.46666666666667,56.0333333333333,1,"北境"
3.4,55.8333333333333,1,"北境"
3.4,55.6666666666667,1,"北境"
3.36666666666667,55.5,1,"北境"
3.26666666666667,55.3666666666667,1,"北境"
3.2,55.2,1,"北境"
3.1,55.0666666666667,1,"北境"
2.93333333333333,55.0333333333333,1,"北境"
2.73333333333333,54.9333333333333,1,"北境"
2.56666666666667,54.9666666666667,1,"北境"
2.36666666666667,55.0333333333333,1,"北境"
2.3,54.9666666666667,1,"北境"
2.13333333333333,54.8333333333333,1,"北境"
2.13333333333333,54.7333333333333,1,"北境"
2,54.8,1,"北境"
1.9,54.9333333333333,1,"北境"
1.9,55.1,1,"北境"
1.86666666666667,55.1,1,"北境"
1.73333333333333,55.1666666666667,1,"北境"
1.73333333333333,55.3666666666667,1,"北境"
1.7,55.5,1,"北境"
1.6,55.7,1,"北境"
1.5,55.5,1,"北境"
1.5,55.3,1,"北境"
1.4,55.2,1,"北境"
1.36666666666667,55.1,1,"北境"
1.4,54.9,1,"北境"
1.4,54.8666666666667,1,"北境"
1.3,54.8,1,"北境"
1.16666666666667,54.7333333333333,1,"北境"
1.16666666666667,54.6333333333333,1,"北境"
1.13333333333333,54.5666666666667,1,"北境"
1.13333333333333,54.4333333333333,1,"北境"
1.1,54.3333333333333,1,"北境"
1.06666666666667,54.3333333333333,1,"北境"
0.966666666666667,54.3,1,"北境"
0.933333333333334,54.2333333333333,1,"北境"
0.9,54.1333333333333,1,"北境"
0.866666666666666,53.9333333333333,1,"北境"
0.866666666666666,53.8333333333333,1,"北境"
0.833333333333333,53.8333333333333,1,"北境"
0.666666666666667,53.8333333333333,1,"北境"
0.633333333333334,53.7,1,"北境"
0.7,53.5,1,"北境"
-1.03333333333333,52.6666666666667,1,"北境"
-0.933333333333334,52.7666666666667,1,"北境"
-0.866666666666666,52.8,1,"北境"
-0.766666666666667,52.9,1,"北境"
-0.666666666666667,53,1,"北境"
-0.566666666666666,53.0666666666667,1,"北境"
-0.466666666666667,53.1333333333333,1,"北境"
-0.366666666666666,53.2,1,"北境"
-0.166666666666667,53.2666666666667,1,"北境"
-0.0333333333333332,53.2666666666667,1,"北境"
0.0999999999999996,53.2666666666667,1,"北境"
0.266666666666667,53.2666666666667,1,"北境"
0.466666666666667,53.3333333333333,1,"北境"
0.6,53.4,1,"北境"
0.7,53.4666666666667,1,"北境"
-1.53333333333333,61.4,2,"北境"
-1.6,61.3666666666667,2,"北境"
-1.6,61.3,2,"北境"
-1.66666666666667,61.2666666666667,2,"北境"
-1.66666666666667,61.2,2,"北境"
-1.7,61.2,2,"北境"
-1.73333333333333,61.2,2,"北境"
-1.83333333333333,61.2,2,"北境"
-1.86666666666667,61.2,2,"北境"
-1.93333333333333,61.2333333333333,2,"北境"
-2,61.3333333333333,2,"北境"
-1.93333333333333,61.4333333333333,2,"北境"
-1.9,61.4333333333333,2,"北境"
-1.86666666666667,61.4333333333333,2,"北境"
-1.83333333333333,61.5,2,"北境"
-1.8,61.5,2,"北境"
-1.8,61.6,2,"北境"
-1.73333333333333,61.6666666666667,2,"北境"
-1.66666666666667,61.7333333333333,2,"北境"
-1.53333333333333,61.7333333333333,2,"北境"
-1.5,61.7333333333333,2,"北境"
-1.43333333333333,61.6666666666667,2,"北境"
-1.4,61.6666666666667,2,"北境"
-1.36666666666667,61.6333333333333,2,"北境"
-1.3,61.6333333333333,2,"北境"
-1.26666666666667,61.6333333333333,2,"北境"
-1.23333333333333,61.6,2,"北境"
-1.23333333333333,61.5,2,"北境"
-1.23333333333333,61.4666666666667,2,"北境"
-1.23333333333333,61.4333333333333,2,"北境"
-1.2,61.4333333333333,2,"北境"
-1.13333333333333,61.3666666666667,2,"北境"
-1.13333333333333,61.3,2,"北境"
-1.23333333333333,61.2,2,"北境"
-1.23333333333333,61.2,2,"北境"
-1.26666666666667,61.2,2,"北境"
-1.26666666666667,61.2,2,"北境"
-1.33333333333333,61.3333333333333,2,"北境"
-1.36666666666667,61.3,2,"北境"
-1.36666666666667,61.2333333333333,2,"北境"
-1.4,61.2,2,"北境"
-1.4,61.1666666666667,2,"北境"
-1.43333333333333,61.1666666666667,2,"北境"
-1.46666666666667,61.1666666666667,2,"北境"
-1.5,61.1666666666667,2,"北境"
-1.56666666666667,61.2666666666667,2,"北境"
-1.56666666666667,61.3333333333333,2,"北境"
-1.56666666666667,61.4,2,"北境"
4.93333333333333,63.5666666666667,3,"北境"
4.9,63.5,3,"北境"
4.86666666666667,63.5,3,"北境"
4.83333333333333,63.4666666666667,3,"北境"
4.83333333333333,63.4,3,"北境"
4.83333333333333,63.3666666666667,3,"北境"
4.86666666666667,63.3333333333333,3,"北境"
4.9,63.2666666666667,3,"北境"
4.9,63.2,3,"北境"
4.83333333333333,63.1666666666667,3,"北境"
4.76666666666667,63.1333333333333,3,"北境"
4.73333333333333,63.1,3,"北境"
4.7,63.0666666666667,3,"北境"
4.7,63.0333333333333,3,"北境"
4.73333333333333,62.9666666666667,3,"北境"
4.8,62.9333333333333,3,"北境"
4.83333333333333,62.9,3,"北境"
4.9,62.8,3,"北境"
4.9,62.7666666666667,3,"北境"
4.9,62.7,3,"北境"
4.76666666666667,62.7,3,"北境"
4.7,62.7,3,"北境"
4.66666666666667,62.7333333333333,3,"北境"
4.63333333333333,62.7333333333333,3,"北境"
4.63333333333333,62.7666666666667,3,"北境"
4.63333333333333,62.8,3,"北境"
4.6,62.8333333333333,3,"北境"
4.6,62.8666666666667,3,"北境"
4.56666666666667,62.9,3,"北境"
4.53333333333333,62.9,3,"北境"
4.53333333333333,62.9,3,"北境"
4.46666666666667,62.8666666666667,3,"北境"
4.4,62.7666666666667,3,"北境"
4.4,62.7666666666667,3,"北境"
4.4,62.7333333333333,3,"北境"
4.43333333333333,62.6333333333333,3,"北境"
4.43333333333333,62.5666666666667,3,"北境"
4.46666666666667,62.4333333333333,3,"北境"
4.53333333333333,62.4,3,"北境"
4.6,62.4,3,"北境"
4.63333333333333,62.4,3,"北境"
4.66666666666667,62.3,3,"北境"
4.7,62.2666666666667,3,"北境"
4.73333333333333,62.1666666666667,3,"北境"
4.73333333333333,62.1333333333333,3,"北境"
4.73333333333333,62.0333333333333,3,"北境"
4.76666666666667,61.9333333333333,3,"北境"
4.76666666666667,61.9333333333333,3,"北境"
4.83333333333333,61.8666666666667,3,"北境"
4.86666666666667,61.8333333333333,3,"北境"
4.9,61.8333333333333,3,"北境"
4.96666666666667,61.9,3,"北境"
5,61.9333333333333,3,"北境"
5.1,61.9333333333333,3,"北境"
5.13333333333333,61.9333333333333,3,"北境"
5.16666666666667,61.9333333333333,3,"北境"
5.26666666666667,62.0666666666667,3,"北境"
5.3,62.1666666666667,3,"北境"
5.33333333333333,62.2,3,"北境"
5.33333333333333,62.2666666666667,3,"北境"
5.3,62.4,3,"北境"
5.26666666666667,62.4666666666667,3,"北境"
5.26666666666667,62.5333333333333,3,"北境"
5.2,62.6333333333333,3,"北境"
5.16666666666667,62.6666666666667,3,"北境"
5.16666666666667,62.7333333333333,3,"北境"
5.2,62.8333333333333,3,"北境"
5.23333333333333,62.9333333333333,3,"北境"
5.23333333333333,63,3,"北境"
5.2,63.1,3,"北境"
5.2,63.2,3,"北境"
5.2,63.2333333333333,3,"北境"
5.16666666666667,63.3333333333333,3,"北境"
5.13333333333333,63.3666666666667,3,"北境"
5.06666666666667,63.4333333333333,3,"北境"
5.03333333333333,63.5,3,"北境"
4.96666666666667,63.5333333333333,3,"北境"
5.76666666666667,63.0333333333333,4,"北境"
5.76666666666667,63.0333333333333,4,"北境"
5.8,63,4,"北境"
5.76666666666667,62.9333333333333,4,"北境"
5.76666666666667,62.9,4,"北境"
5.76666666666667,62.9,4,"北境"
5.73333333333333,62.8666666666667,4,"北境"
5.73333333333333,62.8333333333333,4,"北境"
5.7,62.8,4,"北境"
5.63333333333333,62.7666666666667,4,"北境"
5.6,62.7333333333333,4,"北境"
5.56666666666667,62.7666666666667,4,"北境"
5.53333333333333,62.8333333333333,4,"北境"
5.5,62.9333333333333,4,"北境"
5.5,62.9666666666667,4,"北境"
5.5,63.0333333333333,4,"北境"
5.5,63.0666666666667,4,"北境"
5.5,63.1333333333333,4,"北境"
5.53333333333333,63.2,4,"北境"
5.53333333333333,63.2666666666667,4,"北境"
5.53333333333333,63.3333333333333,4,"北境"
5.5,63.3666666666667,4,"北境"
5.5,63.4333333333333,4,"北境"
5.5,63.5333333333333,4,"北境"
5.56666666666667,63.5333333333333,4,"北境"
5.6,63.4666666666667,4,"北境"
5.6,63.4,4,"北境"
5.6,63.3333333333333,4,"北境"
5.6,63.2666666666667,4,"北境"
5.6,63.2,4,"北境"
5.66666666666667,63.1666666666667,4,"北境"
5.73333333333333,63.1666666666667,4,"北境"
5.76666666666667,63.1333333333333,4,"北境"
5.8,63.0666666666667,4,"北境"
5.8,63.0333333333333,4,"北境"
0.266666666666667,48.1666666666667,10,"河湾地"
0.366666666666666,48.1333333333333,10,"河湾地"
0.466666666666667,48.1333333333333,10,"河湾地"
0.566666666666666,48.1,10,"河湾地"
0.733333333333333,48.0666666666667,10,"河湾地"
0.9,48.0666666666667,10,"河湾地"
1.03333333333333,48,10,"河湾地"
1.13333333333333,48,10,"河湾地"
1.26666666666667,47.9333333333333,10,"河湾地"
1.43333333333333,47.8,10,"河湾地"
1.46666666666667,47.7333333333333,10,"河湾地"
1.56666666666667,47.7,10,"河湾地"
1.76666666666667,47.5,10,"河湾地"
1.83333333333333,47.4,10,"河湾地"
2,47.3,10,"河湾地"
2.06666666666667,47.2,10,"河湾地"
2.2,47.0666666666667,10,"河湾地"
2.33333333333333,47.0666666666667,10,"河湾地"
2.46666666666667,47,10,"河湾地"
2.6,46.9333333333333,10,"河湾地"
2.5,46.8,10,"河湾地"
2.46666666666667,46.6333333333333,10,"河湾地"
2.43333333333333,46.3333333333333,10,"河湾地"
2.4,46.1,10,"河湾地"
2.36666666666667,45.9,10,"河湾地"
2.33333333333333,45.7333333333333,10,"河湾地"
2.33333333333333,45.6,10,"河湾地"
2.3,45.4666666666667,10,"河湾地"
2.23333333333333,45.3,10,"河湾地"
2.06666666666667,45.0666666666667,10,"河湾地"
1.9,44.9333333333333,10,"河湾地"
1.8,44.8666666666667,10,"河湾地"
1.66666666666667,44.8333333333333,10,"河湾地"
1.5,44.8,10,"河湾地"
1.26666666666667,44.7,10,"河湾地"
1.06666666666667,44.6666666666667,10,"河湾地"
0.933333333333334,44.6333333333333,10,"河湾地"
0.8,44.5666666666667,10,"河湾地"
0.633333333333334,44.5666666666667,10,"河湾地"
0.433333333333334,44.4666666666667,10,"河湾地"
0.266666666666667,44.4666666666667,10,"河湾地"
0.166666666666667,44.4333333333333,10,"河湾地"
0.0666666666666664,44.4,10,"河湾地"
-0.0666666666666664,44.3,10,"河湾地"
-0.2,44.2,10,"河湾地"
-0.266666666666667,44.1,10,"河湾地"
-0.333333333333333,43.9333333333333,10,"河湾地"
-0.366666666666666,43.7666666666667,10,"河湾地"
-0.366666666666666,43.6,10,"河湾地"
-0.466666666666667,43.6,10,"河湾地"
-0.566666666666666,43.5666666666667,10,"河湾地"
-0.7,43.5333333333333,10,"河湾地"
-0.833333333333333,43.5,10,"河湾地"
-0.966666666666667,43.4333333333333,10,"河湾地"
-1.13333333333333,43.4,10,"河湾地"
-1.23333333333333,43.3333333333333,10,"河湾地"
-1.36666666666667,43.2333333333333,10,"河湾地"
-1.5,43.1,10,"河湾地"
-1.66666666666667,42.8333333333333,10,"河湾地"
-1.76666666666667,42.6666666666667,10,"河湾地"
-1.8,42.4666666666667,10,"河湾地"
-1.86666666666667,42.3666666666667,10,"河湾地"
-1.93333333333333,42.2333333333333,10,"河湾地"
-1.96666666666667,42.1666666666667,10,"河湾地"
-1.96666666666667,41.9333333333333,10,"河湾地"
-1.96666666666667,41.8,10,"河湾地"
-1.93333333333333,41.6333333333333,10,"河湾地"
-1.9,41.5333333333333,10,"河湾地"
-1.86666666666667,41.3666666666667,10,"河湾地"
-1.8,41.2333333333333,10,"河湾地"
-1.76666666666667,41.1666666666667,10,"河湾地"
-1.83333333333333,41.1333333333333,10,"河湾地"
-1.9,41.0333333333333,10,"河湾地"
-1.96666666666667,41.0333333333333,10,"河湾地"
-2.06666666666667,41.0333333333333,10,"河湾地"
-2.1,41.0333333333333,10,"河湾地"
-2.16666666666667,41.0333333333333,10,"河湾地"
-2.16666666666667,40.9666666666667,10,"河湾地"
-2.23333333333333,40.9666666666667,10,"河湾地"
-2.3,40.9666666666667,10,"河湾地"
-2.43333333333333,40.9333333333333,10,"河湾地"
-2.5,40.8333333333333,10,"河湾地"
-2.56666666666667,40.8333333333333,10,"河湾地"
-2.63333333333333,40.8333333333333,10,"河湾地"
-2.63333333333333,40.9666666666667,10,"河湾地"
-2.7,41.1333333333333,10,"河湾地"
-2.83333333333333,41.1666666666667,10,"河湾地"
-2.9,41.2333333333333,10,"河湾地"
-2.93333333333333,41.4,10,"河湾地"
-3,41.4666666666667,10,"河湾地"
-3.06666666666667,41.5666666666667,10,"河湾地"
-3.2,41.6666666666667,10,"河湾地"
-3.2,41.8333333333333,10,"河湾地"
-3.16666666666667,41.8666666666667,10,"河湾地"
-3.1,41.9,10,"河湾地"
-3.03333333333333,41.9666666666667,10,"河湾地"
-3,42.0333333333333,10,"河湾地"
-2.9,42.1,10,"河湾地"
-2.9,42.2,10,"河湾地"
-2.9,42.4,10,"河湾地"
-2.96666666666667,42.3666666666667,10,"河湾地"
-3.06666666666667,42.3,10,"河湾地"
-3.06666666666667,42.2666666666667,10,"河湾地"
-3.13333333333333,42.2666666666667,10,"河湾地"
-3.23333333333333,42.2,10,"河湾地"
-3.4,42.1666666666667,10,"河湾地"
-3.53333333333333,42.1666666666667,10,"河湾地"
-3.6,42.1666666666667,10,"河湾地"
-3.63333333333333,42.2,10,"河湾地"
-3.63333333333333,42.3,10,"河湾地"
-3.66666666666667,42.4,10,"河湾地"
-3.76666666666667,42.4666666666667,10,"河湾地"
-3.8,42.5333333333333,10,"河湾地"
-3.86666666666667,42.6666666666667,10,"河湾地"
-3.86666666666667,42.8,10,"河湾地"
-3.83333333333333,42.9666666666667,10,"河湾地"
-3.86666666666667,43.0333333333333,10,"河湾地"
-3.76666666666667,43.2,10,"河湾地"
-3.7,43.2333333333333,10,"河湾地"
-3.66666666666667,43.3333333333333,10,"河湾地"
-3.6,43.4666666666667,10,"河湾地"
-3.56666666666667,43.5666666666667,10,"河湾地"
-3.36666666666667,43.5666666666667,10,"河湾地"
-3.3,43.5666666666667,10,"河湾地"
-3.23333333333333,43.5666666666667,10,"河湾地"
-3.1,43.7333333333333,10,"河湾地"
-3.06666666666667,43.8666666666667,10,"河湾地"
-3.03333333333333,43.9666666666667,10,"河湾地"
-2.96666666666667,44.0666666666667,10,"河湾地"
-2.86666666666667,44.2,10,"河湾地"
-2.8,44.2666666666667,10,"河湾地"
-2.73333333333333,44.2666666666667,10,"河湾地"
-2.73333333333333,44.2,10,"河湾地"
-2.63333333333333,44.2,10,"河湾地"
-2.53333333333333,44.2,10,"河湾地"
-2.46666666666667,44.3,10,"河湾地"
-2.53333333333333,44.3666666666667,10,"河湾地"
-2.6,44.4333333333333,10,"河湾地"
-2.73333333333333,44.4666666666667,10,"河湾地"
-2.93333333333333,44.5666666666667,10,"河湾地"
-3.06666666666667,44.6,10,"河湾地"
-2.96666666666667,44.6,10,"河湾地"
-2.83333333333333,44.6,10,"河湾地"
-2.73333333333333,44.6,10,"河湾地"
-2.63333333333333,44.6,10,"河湾地"
-2.53333333333333,44.6333333333333,10,"河湾地"
-2.46666666666667,44.6333333333333,10,"河湾地"
-2.43333333333333,44.6333333333333,10,"河湾地"
-2.3,44.6333333333333,10,"河湾地"
-2.23333333333333,44.6666666666667,10,"河湾地"
-2.23333333333333,44.7666666666667,10,"河湾地"
-2.3,44.8333333333333,10,"河湾地"
-2.33333333333333,44.8666666666667,10,"河湾地"
-2.4,44.9,10,"河湾地"
-2.46666666666667,44.9333333333333,10,"河湾地"
-2.46666666666667,44.9333333333333,10,"河湾地"
-2.46666666666667,45.0666666666667,10,"河湾地"
-2.56666666666667,45.0666666666667,10,"河湾地"
-2.63333333333333,45.0666666666667,10,"河湾地"
-2.7,45.1,10,"河湾地"
-2.76666666666667,45.2333333333333,10,"河湾地"
-2.8,45.2666666666667,10,"河湾地"
-2.96666666666667,45.3333333333333,10,"河湾地"
-3.06666666666667,45.3333333333333,10,"河湾地"
-3.13333333333333,45.3,10,"河湾地"
-3.2,45.3,10,"河湾地"
-3.2,45.4,10,"河湾地"
-3.2,45.4666666666667,10,"河湾地"
-3.2,45.5666666666667,10,"河湾地"
-3.36666666666667,45.7,10,"河湾地"
-3.46666666666667,45.8,10,"河湾地"
-3.56666666666667,45.8666666666667,10,"河湾地"
-3.56666666666667,45.9666666666667,10,"河湾地"
-3.43333333333333,46,10,"河湾地"
-3.4,46.0333333333333,10,"河湾地"
-3.36666666666667,46.1,10,"河湾地"
-3.4,46.1666666666667,10,"河湾地"
-3.46666666666667,46.2333333333333,10,"河湾地"
-3.53333333333333,46.3,10,"河湾地"
-3.46666666666667,46.3666666666667,10,"河湾地"
-3.36666666666667,46.4666666666667,10,"河湾地"
-3.3,46.4666666666667,10,"河湾地"
-3.2,46.4666666666667,10,"河湾地"
-3.1,46.4666666666667,10,"河湾地"
-3.03333333333333,46.4666666666667,10,"河湾地"
-2.96666666666667,46.4666666666667,10,"河湾地"
-2.93333333333333,46.4666666666667,10,"河湾地"
-2.83333333333333,46.4666666666667,10,"河湾地"
-2.7,46.4666666666667,10,"河湾地"
-2.6,46.5333333333333,10,"河湾地"
-2.5,46.5666666666667,10,"河湾地"
-2.36666666666667,46.7,10,"河湾地"
-2.26666666666667,46.7666666666667,10,"河湾地"
-2.16666666666667,46.7666666666667,10,"河湾地"
-2.1,46.8333333333333,10,"河湾地"
-2.03333333333333,46.9,10,"河湾地"
-1.9,46.9,10,"河湾地"
-1.8,46.9,10,"河湾地"
-1.63333333333333,46.9,10,"河湾地"
-1.46666666666667,46.9333333333333,10,"河湾地"
-1.33333333333333,46.9333333333333,10,"河湾地"
-1.2,46.9666666666667,10,"河湾地"
-1.06666666666667,46.9666666666667,10,"河湾地"
-0.966666666666667,47,10,"河湾地"
-0.866666666666666,47.0333333333333,10,"河湾地"
-0.733333333333333,47.0333333333333,10,"河湾地"
-0.6,47.1333333333333,10,"河湾地"
-0.5,47.2333333333333,10,"河湾地"
-0.433333333333334,47.3666666666667,10,"河湾地"
-0.3,47.5,10,"河湾地"
-0.166666666666667,47.6,10,"河湾地"
-0.0666666666666664,47.7,10,"河湾地"
0,47.8333333333333,10,"河湾地"
0.0999999999999996,47.9333333333333,10,"河湾地"
0.166666666666667,48.0333333333333,10,"河湾地"
0.233333333333333,48.1333333333333,10,"河湾地"
-3.93333333333333,41.0333333333333,11,"河湾地"
-3.93333333333333,41.0333333333333,11,"河湾地"
-3.93333333333333,41,11,"河湾地"
-3.93333333333333,40.9,11,"河湾地"
-3.93333333333333,40.8666666666667,11,"河湾地"
-3.86666666666667,40.7333333333333,11,"河湾地"
-3.86666666666667,40.7333333333333,11,"河湾地"
-3.83333333333333,40.6333333333333,11,"河湾地"
-3.83333333333333,40.6333333333333,11,"河湾地"
-3.86666666666667,40.5666666666667,11,"河湾地"
-3.86666666666667,40.5333333333333,11,"河湾地"
-3.83333333333333,40.4666666666667,11,"河湾地"
-3.8,40.4,11,"河湾地"
-3.73333333333333,40.3333333333333,11,"河湾地"
-3.7,40.3333333333333,11,"河湾地"
-3.66666666666667,40.3,11,"河湾地"
-3.63333333333333,40.3,11,"河湾地"
-3.6,40.3,11,"河湾地"
-3.6,40.3,11,"河湾地"
-3.56666666666667,40.3333333333333,11,"河湾地"
-3.56666666666667,40.3666666666667,11,"河湾地"
-3.46666666666667,40.3666666666667,11,"河湾地"
-3.43333333333333,40.3666666666667,11,"河湾地"
-3.4,40.3666666666667,11,"河湾地"
-3.36666666666667,40.4,11,"河湾地"
-3.3,40.4333333333333,11,"河湾地"
-3.3,40.5,11,"河湾地"
-3.36666666666667,40.5666666666667,11,"河湾地"
-3.43333333333333,40.6,11,"河湾地"
-3.46666666666667,40.6,11,"河湾地"
-3.5,40.6333333333333,11,"河湾地"
-3.5,40.6666666666667,11,"河湾地"
-3.53333333333333,40.7,11,"河湾地"
-3.6,40.7333333333333,11,"河湾地"
-3.63333333333333,40.7666666666667,11,"河湾地"
-3.66666666666667,40.7666666666667,11,"河湾地"
-3.73333333333333,40.8333333333333,11,"河湾地"
-3.76666666666667,40.8666666666667,11,"河湾地"
-3.8,40.9333333333333,11,"河湾地"
-3.8,41.0333333333333,11,"河湾地"
-3.8,41.0333333333333,11,"河湾地"
-3.9,41.1,11,"河湾地"
-3.93333333333333,41.1,11,"河湾地"
-3.9,41.0333333333333,11,"河湾地"
0.766666666666667,53.5333333333333,5,"河间地"
0.8,53.4333333333333,5,"河间地"
0.8,53.3666666666667,5,"河间地"
0.833333333333333,53.3,5,"河间地"
0.933333333333334,53.3,5,"河间地"
1,53.3,5,"河间地"
1.03333333333333,53.2333333333333,5,"河间地"
1.1,53.2,5,"河间地"
1.13333333333333,53.1333333333333,5,"河间地"
1.1,53.0333333333333,5,"河间地"
1.1,52.9,5,"河间地"
1.1,52.7666666666667,5,"河间地"
1.1,52.6,5,"河间地"
1.16666666666667,52.4333333333333,5,"河间地"
1.2,52.2666666666667,5,"河间地"
1.23333333333333,52.0666666666667,5,"河间地"
1.3,51.9666666666667,5,"河间地"
1.36666666666667,51.7666666666667,5,"河间地"
1.43333333333333,51.7333333333333,5,"河间地"
1.53333333333333,51.6333333333333,5,"河间地"
1.63333333333333,51.5333333333333,5,"河间地"
1.66666666666667,51.3666666666667,5,"河间地"
1.66666666666667,51.2666666666667,5,"河间地"
1.73333333333333,51.2,5,"河间地"
1.76666666666667,51.1333333333333,5,"河间地"
1.83333333333333,51.0333333333333,5,"河间地"
1.86666666666667,50.9333333333333,5,"河间地"
1.96666666666667,50.8,5,"河间地"
2.03333333333333,50.6333333333333,5,"河间地"
2.13333333333333,50.5,5,"河间地"
2.2,50.3666666666667,5,"河间地"
2.33333333333333,50.2333333333333,5,"河间地"
2.33333333333333,50.1333333333333,5,"河间地"
2.46666666666667,50.0333333333333,5,"河间地"
2.53333333333333,49.9333333333333,5,"河间地"
2.66666666666667,49.7666666666667,5,"河间地"
2.8,49.7,5,"河间地"
2.96666666666667,49.6,5,"河间地"
3.1,49.5333333333333,5,"河间地"
3.16666666666667,49.3333333333333,5,"河间地"
3.13333333333333,49.2333333333333,5,"河间地"
3.13333333333333,49.1666666666667,5,"河间地"
3.06666666666667,49.0666666666667,5,"河间地"
2.96666666666667,48.9666666666667,5,"河间地"
2.9,48.9333333333333,5,"河间地"
2.83333333333333,48.9,5,"河间地"
2.73333333333333,48.8333333333333,5,"河间地"
2.66666666666667,48.7666666666667,5,"河间地"
2.6,48.6666666666667,5,"河间地"
2.53333333333333,48.5666666666667,5,"河间地"
2.46666666666667,48.4666666666667,5,"河间地"
2.4,48.3,5,"河间地"
2.33333333333333,48.2,5,"河间地"
2.23333333333333,48.1,5,"河间地"
2.13333333333333,47.9,5,"河间地"
2,47.7666666666667,5,"河间地"
1.86666666666667,47.6666666666667,5,"河间地"
1.73333333333333,47.6333333333333,5,"河间地"
1.56666666666667,47.7,5,"河间地"
1.46666666666667,47.7333333333333,5,"河间地"
1.43333333333333,47.8,5,"河间地"
1.26666666666667,47.9333333333333,5,"河间地"
1.13333333333333,48,5,"河间地"
1.03333333333333,48,5,"河间地"
0.9,48.0666666666667,5,"河间地"
0.733333333333333,48.0666666666667,5,"河间地"
0.566666666666666,48.1,5,"河间地"
0.466666666666667,48.1333333333333,5,"河间地"
0.366666666666666,48.1333333333333,5,"河间地"
0.266666666666667,48.1666666666667,5,"河间地"
0.166666666666667,48.3,5,"河间地"
0.0666666666666664,48.3666666666667,5,"河间地"
0,48.4333333333333,5,"河间地"
-0.0666666666666664,48.5,5,"河间地"
-0.166666666666667,48.6,5,"河间地"
-0.233333333333333,48.6333333333333,5,"河间地"
-0.3,48.7333333333333,5,"河间地"
-0.4,48.8,5,"河间地"
-0.533333333333333,48.8,5,"河间地"
-0.6,48.8666666666667,5,"河间地"
-0.633333333333334,48.9,5,"河间地"
-0.733333333333333,49.0333333333333,5,"河间地"
-0.766666666666667,49.1333333333333,5,"河间地"
-0.7,49.2666666666667,5,"河间地"
-0.666666666666667,49.4,5,"河间地"
-0.6,49.5666666666667,5,"河间地"
-0.6,49.7666666666667,5,"河间地"
-0.533333333333333,49.9333333333333,5,"河间地"
-0.533333333333333,50.1666666666667,5,"河间地"
-0.533333333333333,50.3666666666667,5,"河间地"
-0.533333333333333,50.5333333333333,5,"河间地"
-0.6,50.6333333333333,5,"河间地"
-0.633333333333334,50.7333333333333,5,"河间地"
-0.766666666666667,50.8666666666667,5,"河间地"
-0.866666666666666,51.0333333333333,5,"河间地"
-0.766666666666667,51.0666666666667,5,"河间地"
-0.7,51.1,5,"河间地"
-0.566666666666666,51.1666666666667,5,"河间地"
-0.433333333333334,51.1666666666667,5,"河间地"
-0.366666666666666,51.3,5,"河间地"
-0.3,51.5333333333333,5,"河间地"
-0.3,51.8,5,"河间地"
-0.366666666666666,51.9,5,"河间地"
-0.5,52,5,"河间地"
-0.633333333333334,52.0333333333333,5,"河间地"
-0.8,51.9666666666667,5,"河间地"
-0.833333333333333,51.8666666666667,5,"河间地"
-1,51.8666666666667,5,"河间地"
-1.06666666666667,51.8333333333333,5,"河间地"
-1.13333333333333,51.8333333333333,5,"河间地"
-1.16666666666667,51.7,5,"河间地"
-1.36666666666667,51.7,5,"河间地"
-1.46666666666667,51.8,5,"河间地"
-1.5,51.9666666666667,5,"河间地"
-1.4,52.1,5,"河间地"
-1.33333333333333,52.1,5,"河间地"
-1.23333333333333,52.1333333333333,5,"河间地"
-1.13333333333333,52.1666666666667,5,"河间地"
-1.03333333333333,52.1666666666667,5,"河间地"
-1,52.3,5,"河间地"
-0.933333333333334,52.4333333333333,5,"河间地"
-1.03333333333333,52.6,5,"河间地"
-1.03333333333333,52.6666666666667,5,"河间地"
-0.933333333333334,52.7666666666667,5,"河间地"
-0.866666666666666,52.8,5,"河间地"
-0.766666666666667,52.9,5,"河间地"
-0.666666666666667,53,5,"河间地"
-0.566666666666666,53.0666666666667,5,"河间地"
-0.466666666666667,53.1333333333333,5,"河间地"
-0.366666666666666,53.2,5,"河间地"
-0.166666666666667,53.2666666666667,5,"河间地"
-0.0333333333333332,53.2666666666667,5,"河间地"
0.0999999999999996,53.2666666666667,5,"河间地"
0.266666666666667,53.2666666666667,5,"河间地"
0.466666666666667,53.3333333333333,5,"河间地"
0.6,53.4,5,"河间地"
0.7,53.4666666666667,5,"河间地"
2.6,46.9333333333333,12,"风暴之地"
2.5,46.8,12,"风暴之地"
2.46666666666667,46.6333333333333,12,"风暴之地"
2.43333333333333,46.3333333333333,12,"风暴之地"
2.4,46.1,12,"风暴之地"
2.36666666666667,45.9,12,"风暴之地"
2.33333333333333,45.7333333333333,12,"风暴之地"
2.33333333333333,45.6,12,"风暴之地"
2.3,45.4666666666667,12,"风暴之地"
2.23333333333333,45.3,12,"风暴之地"
2.06666666666667,45.0666666666667,12,"风暴之地"
1.9,44.9333333333333,12,"风暴之地"
1.8,44.8666666666667,12,"风暴之地"
1.66666666666667,44.8333333333333,12,"风暴之地"
1.5,44.8,12,"风暴之地"
1.26666666666667,44.7,12,"风暴之地"
1.06666666666667,44.6666666666667,12,"风暴之地"
0.933333333333334,44.6333333333333,12,"风暴之地"
0.8,44.5666666666667,12,"风暴之地"
0.633333333333334,44.5666666666667,12,"风暴之地"
0.433333333333334,44.4666666666667,12,"风暴之地"
0.266666666666667,44.4666666666667,12,"风暴之地"
0.166666666666667,44.4333333333333,12,"风暴之地"
0.0666666666666664,44.4,12,"风暴之地"
-0.0666666666666664,44.3,12,"风暴之地"
-0.2,44.2,12,"风暴之地"
-0.266666666666667,44.1,12,"风暴之地"
-0.333333333333333,43.9333333333333,12,"风暴之地"
-0.366666666666666,43.7666666666667,12,"风暴之地"
-0.3,43.5333333333333,12,"风暴之地"
-0.166666666666667,43.5333333333333,12,"风暴之地"
0,43.5333333333333,12,"风暴之地"
0.0666666666666664,43.5333333333333,12,"风暴之地"
0.2,43.5666666666667,12,"风暴之地"
0.3,43.6333333333333,12,"风暴之地"
0.4,43.7,12,"风暴之地"
0.466666666666667,43.7333333333333,12,"风暴之地"
0.566666666666666,43.7666666666667,12,"风暴之地"
0.7,43.8333333333333,12,"风暴之地"
0.866666666666666,43.9,12,"风暴之地"
1,43.9666666666667,12,"风暴之地"
1.1,43.9666666666667,12,"风暴之地"
1.23333333333333,43.9666666666667,12,"风暴之地"
1.36666666666667,43.9666666666667,12,"风暴之地"
1.46666666666667,43.9666666666667,12,"风暴之地"
1.6,43.9666666666667,12,"风暴之地"
1.7,43.9333333333333,12,"风暴之地"
1.83333333333333,43.9,12,"风暴之地"
1.93333333333333,43.7666666666667,12,"风暴之地"
2.06666666666667,43.7333333333333,12,"风暴之地"
2.16666666666667,43.7333333333333,12,"风暴之地"
2.3,43.6666666666667,12,"风暴之地"
2.4,43.6666666666667,12,"风暴之地"
2.46666666666667,43.7,12,"风暴之地"
2.6,43.6333333333333,12,"风暴之地"
2.66666666666667,43.6666666666667,12,"风暴之地"
2.76666666666667,43.7,12,"风暴之地"
2.76666666666667,43.7666666666667,12,"风暴之地"
2.8,43.9333333333333,12,"风暴之地"
2.9,43.9666666666667,12,"风暴之地"
3.03333333333333,43.9666666666667,12,"风暴之地"
3.03333333333333,43.8,12,"风暴之地"
3.13333333333333,43.7333333333333,12,"风暴之地"
3.26666666666667,43.7333333333333,12,"风暴之地"
3.4,43.7,12,"风暴之地"
3.46666666666667,43.7,12,"风暴之地"
3.56666666666667,43.7,12,"风暴之地"
3.66666666666667,43.7,12,"风暴之地"
3.73333333333333,43.6666666666667,12,"风暴之地"
3.83333333333333,43.6333333333333,12,"风暴之地"
3.93333333333333,43.7333333333333,12,"风暴之地"
4.03333333333333,43.6333333333333,12,"风暴之地"
4.1,43.6333333333333,12,"风暴之地"
4.2,43.6333333333333,12,"风暴之地"
4.2,43.4333333333333,12,"风暴之地"
4.33333333333333,43.4666666666667,12,"风暴之地"
4.43333333333333,43.4666666666667,12,"风暴之地"
4.56666666666667,43.4666666666667,12,"风暴之地"
4.76666666666667,43.4666666666667,12,"风暴之地"
4.86666666666667,43.5666666666667,12,"风暴之地"
4.83333333333333,43.7333333333333,12,"风暴之地"
4.83333333333333,43.8333333333333,12,"风暴之地"
4.9,43.9333333333333,12,"风暴之地"
4.93333333333333,44.0333333333333,12,"风暴之地"
4.96666666666667,44.1333333333333,12,"风暴之地"
5.1,44.1666666666667,12,"风暴之地"
5.23333333333333,44.1666666666667,12,"风暴之地"
5.33333333333333,44.3,12,"风暴之地"
5.43333333333333,44.4333333333333,12,"风暴之地"
5.5,44.5333333333333,12,"风暴之地"
5.6,44.6333333333333,12,"风暴之地"
5.43333333333333,44.6666666666667,12,"风暴之地"
5.36666666666667,44.6666666666667,12,"风暴之地"
5.26666666666667,44.6333333333333,12,"风暴之地"
5.13333333333333,44.6,12,"风暴之地"
5.03333333333333,44.6,12,"风暴之地"
4.9,44.6333333333333,12,"风暴之地"
4.8,44.6666666666667,12,"风暴之地"
4.7,44.7666666666667,12,"风暴之地"
4.7,44.8666666666667,12,"风暴之地"
4.6,44.8333333333333,12,"风暴之地"
4.5,44.8,12,"风暴之地"
4.43333333333333,44.6666666666667,12,"风暴之地"
4.43333333333333,44.5,12,"风暴之地"
4.33333333333333,44.6,12,"风暴之地"
4.3,44.6333333333333,12,"风暴之地"
4.3,44.6666666666667,12,"风暴之地"
4.3,44.6666666666667,12,"风暴之地"
4.26666666666667,44.7333333333333,12,"风暴之地"
4.16666666666667,44.8333333333333,12,"风暴之地"
4.1,44.8333333333333,12,"风暴之地"
4,44.8,12,"风暴之地"
3.86666666666667,44.8,12,"风暴之地"
3.83333333333333,44.9333333333333,12,"风暴之地"
3.9,45.0666666666667,12,"风暴之地"
3.8,45.1333333333333,12,"风暴之地"
3.93333333333333,45.1333333333333,12,"风暴之地"
4.06666666666667,45.1333333333333,12,"风暴之地"
4.23333333333333,45.1333333333333,12,"风暴之地"
4.33333333333333,45.1666666666667,12,"风暴之地"
4.4,45.2333333333333,12,"风暴之地"
4.43333333333333,45.4,12,"风暴之地"
4.5,45.6,12,"风暴之地"
4.56666666666667,45.6666666666667,12,"风暴之地"
4.6,45.8333333333333,12,"风暴之地"
4.53333333333333,45.9333333333333,12,"风暴之地"
4.53333333333333,46.0333333333333,12,"风暴之地"
4.46666666666667,46.0666666666667,12,"风暴之地"
4.4,46.1333333333333,12,"风暴之地"
4.56666666666667,46.1333333333333,12,"风暴之地"
4.73333333333333,46.1333333333333,12,"风暴之地"
4.83333333333333,46.2,12,"风暴之地"
5.03333333333333,46.2666666666667,12,"风暴之地"
5,46.4,12,"风暴之地"
5,46.5333333333333,12,"风暴之地"
5,46.6333333333333,12,"风暴之地"
5.1,46.6666666666667,12,"风暴之地"
5.16666666666667,46.7333333333333,12,"风暴之地"
5.03333333333333,46.8666666666667,12,"风暴之地"
4.96666666666667,46.8666666666667,12,"风暴之地"
4.9,46.8666666666667,12,"风暴之地"
4.76666666666667,46.8666666666667,12,"风暴之地"
4.73333333333333,46.9333333333333,12,"风暴之地"
4.66666666666667,46.9333333333333,12,"风暴之地"
4.56666666666667,46.8666666666667,12,"风暴之地"
4.33333333333333,46.9,12,"风暴之地"
4.23333333333333,46.9,12,"风暴之地"
4.16666666666667,46.8666666666667,12,"风暴之地"
4.06666666666667,46.8666666666667,12,"风暴之地"
3.96666666666667,46.8666666666667,12,"风暴之地"
3.8,46.8333333333333,12,"风暴之地"
3.7,46.8333333333333,12,"风暴之地"
3.56666666666667,46.8333333333333,12,"风暴之地"
3.43333333333333,46.8333333333333,12,"风暴之地"
3.23333333333333,46.8333333333333,12,"风暴之地"
3.1,46.9,12,"风暴之地"
2.96666666666667,46.9,12,"风暴之地"
2.83333333333333,46.9666666666667,12,"风暴之地"
2.7,46.9333333333333,12,"风暴之地"
5.16666666666667,46.2333333333333,13,"风暴之地"
5.16666666666667,46.2333333333333,13,"风暴之地"
5.13333333333333,46.1666666666667,13,"风暴之地"
5.13333333333333,46.1333333333333,13,"风暴之地"
5.1,46.0666666666667,13,"风暴之地"
5.1,45.9666666666667,13,"风暴之地"
5.13333333333333,45.9333333333333,13,"风暴之地"
5.16666666666667,45.8666666666667,13,"风暴之地"
5.16666666666667,45.7333333333333,13,"风暴之地"
5.16666666666667,45.7,13,"风暴之地"
5.16666666666667,45.6333333333333,13,"风暴之地"
5.23333333333333,45.5666666666667,13,"风暴之地"
5.26666666666667,45.5,13,"风暴之地"
5.3,45.4666666666667,13,"风暴之地"
5.36666666666667,45.3333333333333,13,"风暴之地"
5.43333333333333,45.3,13,"风暴之地"
5.46666666666667,45.3,13,"风暴之地"
5.46666666666667,45.3,13,"风暴之地"
5.43333333333333,45.3333333333333,13,"风暴之地"
5.4,45.4,13,"风暴之地"
5.4,45.4,13,"风暴之地"
5.4,45.4666666666667,13,"风暴之地"
5.4,45.4666666666667,13,"风暴之地"
5.5,45.5,13,"风暴之地"
5.5,45.5333333333333,13,"风暴之地"
5.5,45.6333333333333,13,"风暴之地"
5.46666666666667,45.7,13,"风暴之地"
5.46666666666667,45.8,13,"风暴之地"
5.5,45.8666666666667,13,"风暴之地"
5.5,45.9333333333333,13,"风暴之地"
5.53333333333333,46,13,"风暴之地"
5.53333333333333,46.0333333333333,13,"风暴之地"
5.5,46.0666666666667,13,"风暴之地"
5.46666666666667,46.0666666666667,13,"风暴之地"
5.4,46.1,13,"风暴之地"
5.33333333333333,46.1333333333333,13,"风暴之地"
5.33333333333333,46.1333333333333,13,"风暴之地"
5.3,46.1666666666667,13,"风暴之地"
5.2,46.2,13,"风暴之地"
5.16666666666667,46.2,13,"风暴之地"
2.6,49.8666666666667,6,"艾琳谷"
2.76666666666667,49.8666666666667,6,"艾琳谷"
2.9,49.8,6,"艾琳谷"
3.03333333333333,49.8,6,"艾琳谷"
3.16666666666667,49.8,6,"艾琳谷"
3.3,49.8,6,"艾琳谷"
3.36666666666667,49.8333333333333,6,"艾琳谷"
3.5,49.8333333333333,6,"艾琳谷"
3.6,49.8666666666667,6,"艾琳谷"
3.7,49.8666666666667,6,"艾琳谷"
3.83333333333333,49.9333333333333,6,"艾琳谷"
4,49.9666666666667,6,"艾琳谷"
4.1,50.0333333333333,6,"艾琳谷"
4.26666666666667,50.1333333333333,6,"艾琳谷"
4.33333333333333,50.1666666666667,6,"艾琳谷"
4.43333333333333,50.3,6,"艾琳谷"
4.53333333333333,50.3333333333333,6,"艾琳谷"
4.7,50.3666666666667,6,"艾琳谷"
4.86666666666667,50.4666666666667,6,"艾琳谷"
4.63333333333333,50.5,6,"艾琳谷"
4.53333333333333,50.5666666666667,6,"艾琳谷"
4.53333333333333,50.6333333333333,6,"艾琳谷"
4.6,50.7,6,"艾琳谷"
4.63333333333333,50.7666666666667,6,"艾琳谷"
4.56666666666667,50.8333333333333,6,"艾琳谷"
4.46666666666667,50.8666666666667,6,"艾琳谷"
4.36666666666667,51,6,"艾琳谷"
4.46666666666667,51,6,"艾琳谷"
4.6,51.0333333333333,6,"艾琳谷"
4.63333333333333,51.0333333333333,6,"艾琳谷"
4.73333333333333,51.0333333333333,6,"艾琳谷"
4.8,50.9333333333333,6,"艾琳谷"
4.9,50.8666666666667,6,"艾琳谷"
5,50.9666666666667,6,"艾琳谷"
5.1,51,6,"艾琳谷"
5.2,51.0666666666667,6,"艾琳谷"
5.2,50.9333333333333,6,"艾琳谷"
5.23333333333333,50.9333333333333,6,"艾琳谷"
5.36666666666667,50.9666666666667,6,"艾琳谷"
5.43333333333333,51.0333333333333,6,"艾琳谷"
5.56666666666667,51.1666666666667,6,"艾琳谷"
5.7,51.2,6,"艾琳谷"
5.8,51.3,6,"艾琳谷"
5.93333333333333,51.4,6,"艾琳谷"
5.9,51.5333333333333,6,"艾琳谷"
5.73333333333333,51.5666666666667,6,"艾琳谷"
5.56666666666667,51.5666666666667,6,"艾琳谷"
5.43333333333333,51.5666666666667,6,"艾琳谷"
5.3,51.5666666666667,6,"艾琳谷"
5.06666666666667,51.5666666666667,6,"艾琳谷"
4.93333333333333,51.4333333333333,6,"艾琳谷"
4.83333333333333,51.4333333333333,6,"艾琳谷"
4.7,51.4,6,"艾琳谷"
4.5,51.3666666666667,6,"艾琳谷"
4.36666666666667,51.3,6,"艾琳谷"
4.2,51.3,6,"艾琳谷"
4.26666666666667,51.3666666666667,6,"艾琳谷"
4.36666666666667,51.4666666666667,6,"艾琳谷"
4.56666666666667,51.4666666666667,6,"艾琳谷"
4.66666666666667,51.5,6,"艾琳谷"
4.76666666666667,51.6,6,"艾琳谷"
4.76666666666667,51.7333333333333,6,"艾琳谷"
4.76666666666667,51.8333333333333,6,"艾琳谷"
4.86666666666667,51.8333333333333,6,"艾琳谷"
4.93333333333333,51.8333333333333,6,"艾琳谷"
5.03333333333333,51.9,6,"艾琳谷"
5.1,51.9,6,"艾琳谷"
5.16666666666667,51.9333333333333,6,"艾琳谷"
5.26666666666667,52.0333333333333,6,"艾琳谷"
5.23333333333333,52.0333333333333,6,"艾琳谷"
5.3,52.1666666666667,6,"艾琳谷"
5.33333333333333,52.1666666666667,6,"艾琳谷"
5.4,52.2,6,"艾琳谷"
5.53333333333333,52.2,6,"艾琳谷"
5.56666666666667,52.3333333333333,6,"艾琳谷"
5.63333333333333,52.4,6,"艾琳谷"
5.66666666666667,52.4666666666667,6,"艾琳谷"
5.46666666666667,52.5333333333333,6,"艾琳谷"
5.46666666666667,52.6666666666667,6,"艾琳谷"
5.33333333333333,52.5666666666667,6,"艾琳谷"
5.2,52.5333333333333,6,"艾琳谷"
5.13333333333333,52.5333333333333,6,"艾琳谷"
5.13333333333333,52.6333333333333,6,"艾琳谷"
5.13333333333333,52.7,6,"艾琳谷"
5.2,52.7,6,"艾琳谷"
5.23333333333333,52.8333333333333,6,"艾琳谷"
5.33333333333333,52.9666666666667,6,"艾琳谷"
5.43333333333333,52.9666666666667,6,"艾琳谷"
5.43333333333333,53.0333333333333,6,"艾琳谷"
5.53333333333333,53.2,6,"艾琳谷"
5.4,53.2,6,"艾琳谷"
5.26666666666667,53.1333333333333,6,"艾琳谷"
5.23333333333333,53.1,6,"艾琳谷"
5.13333333333333,53.0666666666667,6,"艾琳谷"
5,52.9666666666667,6,"艾琳谷"
4.86666666666667,52.9333333333333,6,"艾琳谷"
4.73333333333333,52.9,6,"艾琳谷"
4.6,52.9333333333333,6,"艾琳谷"
4.5,52.8333333333333,6,"艾琳谷"
4.33333333333333,52.8333333333333,6,"艾琳谷"
4.26666666666667,52.8333333333333,6,"艾琳谷"
4.2,52.7666666666667,6,"艾琳谷"
4.06666666666667,52.6666666666667,6,"艾琳谷"
3.9,52.6666666666667,6,"艾琳谷"
3.86666666666667,52.7333333333333,6,"艾琳谷"
3.93333333333333,52.8333333333333,6,"艾琳谷"
4,52.9,6,"艾琳谷"
4.06666666666667,53.0333333333333,6,"艾琳谷"
4.16666666666667,53.1,6,"艾琳谷"
4.3,53.1333333333333,6,"艾琳谷"
4.36666666666667,53.1333333333333,6,"艾琳谷"
4.5,53.1333333333333,6,"艾琳谷"
4.6,53.2,6,"艾琳谷"
4.66666666666667,53.2,6,"艾琳谷"
4.76666666666667,53.2333333333333,6,"艾琳谷"
4.86666666666667,53.3333333333333,6,"艾琳谷"
4.96666666666667,53.3666666666667,6,"艾琳谷"
4.96666666666667,53.4666666666667,6,"艾琳谷"
5.06666666666667,53.5666666666667,6,"艾琳谷"
5.23333333333333,53.6666666666667,6,"艾琳谷"
5.33333333333333,53.8333333333333,6,"艾琳谷"
5.2,53.7333333333333,6,"艾琳谷"
5.06666666666667,53.6666666666667,6,"艾琳谷"
5,53.6,6,"艾琳谷"
4.9,53.5,6,"艾琳谷"
4.73333333333333,53.4,6,"艾琳谷"
4.53333333333333,53.3,6,"艾琳谷"
4.53333333333333,53.4,6,"艾琳谷"
4.6,53.4666666666667,6,"艾琳谷"
4.7,53.5666666666667,6,"艾琳谷"
4.83333333333333,53.6666666666667,6,"艾琳谷"
4.9,53.7666666666667,6,"艾琳谷"
4.76666666666667,53.7,6,"艾琳谷"
4.63333333333333,53.6666666666667,6,"艾琳谷"
4.53333333333333,53.5666666666667,6,"艾琳谷"
4.46666666666667,53.4666666666667,6,"艾琳谷"
4.33333333333333,53.4,6,"艾琳谷"
4.26666666666667,53.3333333333333,6,"艾琳谷"
4.16666666666667,53.2666666666667,6,"艾琳谷"
4.03333333333333,53.2666666666667,6,"艾琳谷"
4.06666666666667,53.3666666666667,6,"艾琳谷"
4.1,53.4333333333333,6,"艾琳谷"
4.16666666666667,53.5,6,"艾琳谷"
4.2,53.5333333333333,6,"艾琳谷"
4.26666666666667,53.6,6,"艾琳谷"
4.3,53.6,6,"艾琳谷"
4.36666666666667,53.6666666666667,6,"艾琳谷"
4.4,53.7,6,"艾琳谷"
4.5,53.8,6,"艾琳谷"
4.56666666666667,53.9,6,"艾琳谷"
4.43333333333333,53.8333333333333,6,"艾琳谷"
4.26666666666667,53.7333333333333,6,"艾琳谷"
4.2,53.6666666666667,6,"艾琳谷"
4.06666666666667,53.6333333333333,6,"艾琳谷"
3.93333333333333,53.6,6,"艾琳谷"
3.93333333333333,53.6666666666667,6,"艾琳谷"
4,53.7,6,"艾琳谷"
4.03333333333333,53.7666666666667,6,"艾琳谷"
4.1,53.8,6,"艾琳谷"
4.2,53.8333333333333,6,"艾琳谷"
4.23333333333333,53.9,6,"艾琳谷"
4.3,53.9333333333333,6,"艾琳谷"
4.4,54,6,"艾琳谷"
4.46666666666667,54.0666666666667,6,"艾琳谷"
4.53333333333333,54.1333333333333,6,"艾琳谷"
4.63333333333333,54.1333333333333,6,"艾琳谷"
4.73333333333333,54.1666666666667,6,"艾琳谷"
4.73333333333333,54.2333333333333,6,"艾琳谷"
4.63333333333333,54.2333333333333,6,"艾琳谷"
4.5,54.2,6,"艾琳谷"
4.33333333333333,54.1333333333333,6,"艾琳谷"
4.16666666666667,54.0333333333333,6,"艾琳谷"
4.06666666666667,53.9333333333333,6,"艾琳谷"
3.93333333333333,53.9,6,"艾琳谷"
3.86666666666667,53.8666666666667,6,"艾琳谷"
3.73333333333333,53.8,6,"艾琳谷"
3.56666666666667,53.8,6,"艾琳谷"
3.4,53.8,6,"艾琳谷"
3.4,53.9,6,"艾琳谷"
3.5,53.9666666666667,6,"艾琳谷"
3.6,54.1,6,"艾琳谷"
3.43333333333333,54.0666666666667,6,"艾琳谷"
3.33333333333333,53.9666666666667,6,"艾琳谷"
3.16666666666667,53.9,6,"艾琳谷"
3.06666666666667,53.8666666666667,6,"艾琳谷"
3.06666666666667,53.9333333333333,6,"艾琳谷"
2.9,53.8333333333333,6,"艾琳谷"
2.83333333333333,53.8,6,"艾琳谷"
2.73333333333333,53.8,6,"艾琳谷"
2.6,53.6666666666667,6,"艾琳谷"
2.5,53.6666666666667,6,"艾琳谷"
2.36666666666667,53.6666666666667,6,"艾琳谷"
2.23333333333333,53.6666666666667,6,"艾琳谷"
2.16666666666667,53.5,6,"艾琳谷"
2.1,53.5,6,"艾琳谷"
2,53.5333333333333,6,"艾琳谷"
1.86666666666667,53.5333333333333,6,"艾琳谷"
1.8,53.5333333333333,6,"艾琳谷"
1.8,53.3333333333333,6,"艾琳谷"
1.7,53.3333333333333,6,"艾琳谷"
1.56666666666667,53.3333333333333,6,"艾琳谷"
1.46666666666667,53.3333333333333,6,"艾琳谷"
1.36666666666667,53.3333333333333,6,"艾琳谷"
1.26666666666667,53.3333333333333,6,"艾琳谷"
1.16666666666667,53.2333333333333,6,"艾琳谷"
1.13333333333333,53.1333333333333,6,"艾琳谷"
1.1,53.0333333333333,6,"艾琳谷"
1.1,52.9,6,"艾琳谷"
1.1,52.7666666666667,6,"艾琳谷"
1.1,52.6,6,"艾琳谷"
1.16666666666667,52.4333333333333,6,"艾琳谷"
1.2,52.2666666666667,6,"艾琳谷"
1.23333333333333,52.0666666666667,6,"艾琳谷"
1.3,51.9666666666667,6,"艾琳谷"
1.36666666666667,51.7666666666667,6,"艾琳谷"
1.43333333333333,51.7333333333333,6,"艾琳谷"
1.53333333333333,51.6333333333333,6,"艾琳谷"
1.63333333333333,51.5333333333333,6,"艾琳谷"
1.66666666666667,51.3666666666667,6,"艾琳谷"
1.66666666666667,51.2666666666667,6,"艾琳谷"
1.73333333333333,51.2,6,"艾琳谷"
1.76666666666667,51.1333333333333,6,"艾琳谷"
1.83333333333333,51.0333333333333,6,"艾琳谷"
1.86666666666667,50.9333333333333,6,"艾琳谷"
1.96666666666667,50.8,6,"艾琳谷"
2.03333333333333,50.6333333333333,6,"艾琳谷"
2.13333333333333,50.5,6,"艾琳谷"
2.2,50.3666666666667,6,"艾琳谷"
2.33333333333333,50.2333333333333,6,"艾琳谷"
2.33333333333333,50.1333333333333,6,"艾琳谷"
2.46666666666667,50.0333333333333,6,"艾琳谷"
2.53333333333333,49.9333333333333,6,"艾琳谷"
-0.866666666666666,50.8666666666667,9,"西境"
-0.966666666666667,50.8,9,"西境"
-1.03333333333333,50.7666666666667,9,"西境"
-1.06666666666667,50.7333333333333,9,"西境"
-1.1,50.7,9,"西境"
-1.16666666666667,50.6333333333333,9,"西境"
-1.26666666666667,50.6666666666667,9,"西境"
-1.36666666666667,50.6666666666667,9,"西境"
-1.16666666666667,50.5333333333333,9,"西境"
-1.43333333333333,50.7333333333333,9,"西境"
-1.56666666666667,50.7333333333333,9,"西境"
-1.56666666666667,50.6333333333333,9,"西境"
-1.66666666666667,50.5666666666667,9,"西境"
-1.76666666666667,50.5666666666667,9,"西境"
-1.86666666666667,50.5666666666667,9,"西境"
-1.93333333333333,50.5666666666667,9,"西境"
-2,50.6,9,"西境"
-2.1,50.6333333333333,9,"西境"
-2.2,50.6666666666667,9,"西境"
-2.3,50.6333333333333,9,"西境"
-2.36666666666667,50.5666666666667,9,"西境"
-2.46666666666667,50.5666666666667,9,"西境"
-2.53333333333333,50.4666666666667,9,"西境"
-2.53333333333333,50.4333333333333,9,"西境"
-2.53333333333333,50.3666666666667,9,"西境"
-2.46666666666667,50.2666666666667,9,"西境"
-2.43333333333333,50.2666666666667,9,"西境"
-2.36666666666667,50.1666666666667,9,"西境"
-2.4,50.0666666666667,9,"西境"
-2.4,50,9,"西境"
-2.5,49.9,9,"西境"
-2.56666666666667,49.7333333333333,9,"西境"
-2.66666666666667,49.6,9,"西境"
-2.66666666666667,49.4666666666667,9,"西境"
-2.7,49.3666666666667,9,"西境"
-2.76666666666667,49.3,9,"西境"
-2.76666666666667,49.2,9,"西境"
-2.76666666666667,49.0666666666667,9,"西境"
-2.7,48.9666666666667,9,"西境"
-2.8,48.9333333333333,9,"西境"
-2.9,48.8666666666667,9,"西境"
-2.93333333333333,48.8333333333333,9,"西境"
-3,48.8333333333333,9,"西境"
-3.06666666666667,48.7666666666667,9,"西境"
-3.2,48.7666666666667,9,"西境"
-3.26666666666667,48.7,9,"西境"
-3.33333333333333,48.6666666666667,9,"西境"
-3.36666666666667,48.6666666666667,9,"西境"
-3.33333333333333,48.8333333333333,9,"西境"
-3.26666666666667,48.8666666666667,9,"西境"
-3.2,48.9333333333333,9,"西境"
-3.2,49,9,"西境"
-3.2,49.1333333333333,9,"西境"
-3.16666666666667,49.3,9,"西境"
-3.23333333333333,49.2333333333333,9,"西境"
-3.3,49.0666666666667,9,"西境"
-3.43333333333333,48.9666666666667,9,"西境"
-3.5,48.8333333333333,9,"西境"
-3.5,48.7666666666667,9,"西境"
-3.53333333333333,48.6666666666667,9,"西境"
-3.53333333333333,48.5666666666667,9,"西境"
-3.53333333333333,48.4666666666667,9,"西境"
-3.6,48.4333333333333,9,"西境"
-3.7,48.3666666666667,9,"西境"
-3.83333333333333,48.2666666666667,9,"西境"
-3.8,48.1333333333333,9,"西境"
-3.86666666666667,48.0666666666667,9,"西境"
-3.86666666666667,47.9666666666667,9,"西境"
-3.8,47.9666666666667,9,"西境"
-3.73333333333333,47.9666666666667,9,"西境"
-3.63333333333333,48,9,"西境"
-3.56666666666667,48.0333333333333,9,"西境"
-3.5,48.1,9,"西境"
-3.4,48.1333333333333,9,"西境"
-3.36666666666667,48.1666666666667,9,"西境"
-3.26666666666667,48.1666666666667,9,"西境"
-3.13333333333333,48.1666666666667,9,"西境"
-3.06666666666667,48.2,9,"西境"
-3.06666666666667,47.9666666666667,9,"西境"
-3.06666666666667,47.8666666666667,9,"西境"
-3.06666666666667,47.7666666666667,9,"西境"
-3.13333333333333,47.7,9,"西境"
-3.2,47.6333333333333,9,"西境"
-3.2,47.5666666666667,9,"西境"
-3.16666666666667,47.4666666666667,9,"西境"
-3.23333333333333,47.3666666666667,9,"西境"
-3.3,47.3666666666667,9,"西境"
-3.26666666666667,47.2333333333333,9,"西境"
-3.26666666666667,47.2333333333333,9,"西境"
-3.26666666666667,47.1333333333333,9,"西境"
-3.26666666666667,46.9666666666667,9,"西境"
-3.26666666666667,46.8666666666667,9,"西境"
-3.36666666666667,46.8333333333333,9,"西境"
-3.4,46.7333333333333,9,"西境"
-3.46666666666667,46.7333333333333,9,"西境"
-3.5,46.6333333333333,9,"西境"
-3.43333333333333,46.5,9,"西境"
-3.36666666666667,46.4666666666667,9,"西境"
-3.3,46.4666666666667,9,"西境"
-3.2,46.4666666666667,9,"西境"
-3.1,46.4666666666667,9,"西境"
-3.03333333333333,46.4666666666667,9,"西境"
-2.96666666666667,46.4666666666667,9,"西境"
-2.93333333333333,46.4666666666667,9,"西境"
-2.83333333333333,46.4666666666667,9,"西境"
-2.7,46.4666666666667,9,"西境"
-2.6,46.5333333333333,9,"西境"
-2.5,46.5666666666667,9,"西境"
-2.36666666666667,46.7,9,"西境"
-2.26666666666667,46.7666666666667,9,"西境"
-2.16666666666667,46.7666666666667,9,"西境"
-2.1,46.8333333333333,9,"西境"
-2.03333333333333,46.9,9,"西境"
-1.9,46.9,9,"西境"
-1.8,46.9,9,"西境"
-1.63333333333333,46.9,9,"西境"
-1.46666666666667,46.9333333333333,9,"西境"
-1.33333333333333,46.9333333333333,9,"西境"
-1.2,46.9666666666667,9,"西境"
-1.06666666666667,46.9666666666667,9,"西境"
-0.966666666666667,47,9,"西境"
-0.866666666666666,47.0333333333333,9,"西境"
-0.733333333333333,47.0333333333333,9,"西境"
-0.6,47.1333333333333,9,"西境"
-0.5,47.2333333333333,9,"西境"
-0.433333333333334,47.3666666666667,9,"西境"
-0.3,47.5,9,"西境"
-0.166666666666667,47.6,9,"西境"
-0.0666666666666664,47.7,9,"西境"
0,47.8333333333333,9,"西境"
0.0999999999999996,47.9333333333333,9,"西境"
0.166666666666667,48.0333333333333,9,"西境"
0.233333333333333,48.1333333333333,9,"西境"
0.166666666666667,48.3,9,"西境"
0.0666666666666664,48.3666666666667,9,"西境"
0,48.4333333333333,9,"西境"
-0.0666666666666664,48.5,9,"西境"
-0.166666666666667,48.6,9,"西境"
-0.233333333333333,48.6333333333333,9,"西境"
-0.3,48.7333333333333,9,"西境"
-0.4,48.8,9,"西境"
-0.533333333333333,48.8,9,"西境"
-0.6,48.8666666666667,9,"西境"
-0.633333333333334,48.9,9,"西境"
-0.733333333333333,49.0333333333333,9,"西境"
-0.766666666666667,49.1333333333333,9,"西境"
-0.7,49.2666666666667,9,"西境"
-0.666666666666667,49.4,9,"西境"
-0.6,49.5666666666667,9,"西境"
-0.6,49.7666666666667,9,"西境"
-0.533333333333333,49.9333333333333,9,"西境"
-0.533333333333333,50.1666666666667,9,"西境"
-0.533333333333333,50.3666666666667,9,"西境"
-0.533333333333333,50.5333333333333,9,"西境"
-0.6,50.6333333333333,9,"西境"
-0.633333333333334,50.7333333333333,9,"西境"
-0.766666666666667,50.8666666666667,9,"西境"
