city,year,month,date,all,allM,allF,allO,alladult,allchild,allbaby,cvd,cvdM,cvdF,cvdO,cvdadult,cvdchild,cvdbaby,resp,respM,respF,respO,respadult,respchild,respbaby,copd,copdM,copdF,copdO,copdadult,copdchild,copdbaby,stroke,strokeM,strokeF,strokeO,strokeadult,strokechild,strokebaby,istroke,hstroke,ihd,asthma,pneu,ami,tm,tmin,tmax,rh,pm25,pm10,pmc,so2,no2,co,o38h,PM25,PM10,SO2,NO2,CO,O3,ph
Guilin,2015,1,2015/1/1,426,216,210,151,212,9,54,90,59,31,55,33,0,2,79,51,28,45,11,0,23,24,21,3,20,3,0,1,42,29,13,22,19,0,1,25,17,20,1,26,4,12.8,10.5,16.9,32,45.375,85.875,40.5,39.71590909,28.94318182,1.098329545,108.875,46,87,39,28,1.09,97,1
Guilin,2015,1,2015/1/2,355,175,180,116,186,6,47,70,41,29,39,29,0,2,38,26,12,18,8,1,11,13,11,2,9,2,0,2,27,12,15,15,11,0,1,22,5,23,1,12,7,11.5,7.6,18.2,44,83.14583333,146.0625,62.91666667,43.02105263,45.875,1.415484211,119,83,146,42,46,1.42,85,1
Guilin,2015,1,2015/1/3,375,166,209,91,216,11,57,66,40,26,32,32,1,1,41,21,20,11,10,3,17,9,5,4,5,1,0,3,22,15,7,10,12,0,0,16,6,17,2,15,1,12,6.4,19.9,55,115.7659574,176.0319149,60.2659575,45.09574468,57.96808511,1.704946809,122.15625,116,178,44,58,1.73,72,1
Guilin,2015,1,2015/1/4,579,275,304,157,328,13,81,81,42,39,45,36,0,0,58,40,18,18,16,1,23,15,9,6,11,4,0,0,28,14,14,15,13,0,0,24,4,18,0,20,4,11.9,9.4,14.7,76,180.1960784,255.8444444,75.648366,90.45098039,85.78431373,2.03454902,46.33333333,182,247,88,86,2.07,44,1
Guilin,2015,1,2015/1/5,665,308,357,178,384,16,87,87,52,35,43,42,1,1,90,60,30,29,23,5,33,24,19,5,14,9,0,1,25,20,5,15,9,0,1,17,8,25,3,28,5,14.2,12.4,16,94,154.4479167,166.975,12.5270833,51.6,56.08333333,2.043765957,21.875,152,144,53,53,2,29,0
Guilin,2015,1,2015/1/6,624,314,310,169,341,13,101,92,57,35,45,47,0,0,74,44,30,32,17,2,23,17,10,7,12,4,0,1,29,16,13,22,7,0,0,26,3,27,0,26,3,12.1,10,15.8,82,103.5978261,109.1860465,5.5882204,30.33695652,34.67391304,1.758543478,50.92857143,103,105,30,34,1.77,36,0
Guilin,2015,1,2015/1/7,556,261,295,162,299,10,85,91,55,36,53,36,0,2,62,38,24,25,12,4,21,13,7,6,11,2,0,0,44,32,12,26,17,0,1,36,8,22,1,24,3,8.7,7.3,10.4,74,60.92708333,69.40384615,8.47676282,27.29166667,27.38541667,1.2771875,44.1875,60,68,27,26,1.28,44,0
Guilin,2015,1,2015/1/8,482,224,258,135,260,10,77,79,47,32,43,34,0,2,57,39,18,18,14,2,23,12,9,3,8,4,0,0,31,18,13,19,11,0,1,24,7,23,0,21,2,9.6,7.7,12.1,62,82.44318182,96.23880597,13.79562415,29.26136364,27.31764706,0.986352273,87.40625,82,96,28,26,0.99,77,0
Guilin,2015,1,2015/1/9,492,222,270,148,265,7,72,76,36,40,45,30,0,1,70,46,24,26,20,0,24,23,13,10,16,6,0,1,30,13,17,18,11,0,1,21,9,24,3,24,3,9.7,8,11.8,65,103.5,121.5584416,18.0584416,34.65625,31.04166667,0.9983125,91.375,102,119,35,30,1,85,0
Guilin,2015,1,2015/1/10,333,150,183,85,176,13,59,49,25,24,31,16,0,2,43,29,14,12,10,2,19,10,8,2,7,3,0,0,16,7,9,9,6,0,1,10,6,14,1,16,4,8,6.7,9.8,87,39.50549451,42.84782609,3.34233158,8.352941176,24.96703297,0.52778022,64.28125,39,42,7,25,0.53,62,0
Guilin,2015,1,2015/1/11,272,125,147,84,133,7,48,55,28,27,35,20,0,0,41,27,14,14,8,0,19,10,7,3,7,2,0,1,20,12,8,11,9,0,0,15,5,17,0,16,5,8.2,7.5,9.3,89,31.34782609,37.46153846,6.11371237,8.366666667,26.27173913,0.393652174,59.53125,31,31,7,25,0.39,54,0
Guilin,2015,1,2015/1/12,631,313,318,188,363,16,64,110,67,43,62,44,1,3,100,59,41,37,34,3,26,21,14,7,18,3,0,0,43,28,15,27,13,0,3,33,10,28,3,32,6,8.7,7.9,10,84,51.55208333,58.57446809,7.02238476,10.67708333,22.33333333,0.613875,72.28125,49,51,9,20,0.59,71,0
Guilin,2015,1,2015/1/13,541,249,292,126,324,16,75,73,47,26,37,35,0,1,77,41,36,19,25,6,27,12,11,1,6,5,1,0,23,16,7,14,8,0,1,17,6,20,3,22,6,10.7,8.9,14.1,73,48.71875,57.3,8.58125,16.58333333,24.48958333,0.694822917,74.34375,48,58,16,24,0.69,62,0
Guilin,2015,1,2015/1/14,499,236,263,136,288,10,65,92,49,43,43,47,0,2,62,39,23,16,18,3,25,15,12,3,10,5,0,0,35,19,16,20,13,0,2,28,7,20,0,25,8,9.5,7.2,14.1,72,92.20833333,106.0384615,13.83012817,17.76041667,27.57291667,0.811979167,79.90625,91,102,17,27,0.81,63,0
Guilin,2015,1,2015/1/15,489,229,260,132,282,13,62,85,46,39,53,32,0,0,66,45,21,25,17,6,18,15,10,5,11,2,0,2,26,16,10,16,10,0,0,22,4,31,4,22,4,8.9,4,16,72,71.73958333,116.5,44.76041667,20.6875,40.40425532,0.837895833,90.875,71,112,19,40,0.85,59,0
Guilin,2015,1,2015/1/16,511,266,245,166,265,11,69,86,57,29,53,32,0,1,78,55,23,27,19,4,28,12,8,4,11,1,0,0,34,26,8,23,10,0,1,27,7,21,1,35,4,11.2,7,16.7,67,84.81052632,113.9186047,29.10807838,26.08421053,38.04255319,0.756642105,87.22580645,84,113,25,37,0.76,66,0
Guilin,2015,1,2015/1/17,337,154,183,94,177,6,60,61,32,29,34,24,0,3,41,26,15,11,11,1,18,8,4,4,5,2,0,1,26,12,14,14,11,0,1,20,6,17,1,15,6,12.4,9.3,16.8,58,110.0729167,132.5,22.4270833,30.35416667,34.69791667,0.846260417,116.125,109,134,29,34,0.85,97,0
Guilin,2015,1,2015/1/18,332,160,172,96,171,8,57,65,43,22,36,29,0,0,55,36,19,11,14,2,28,6,5,1,4,2,0,0,27,20,7,15,12,0,0,19,8,18,2,24,5,11.8,10.5,14.8,58,113.3068182,139.1097561,25.8029379,38.56818182,31.875,0.880136364,112.625,113,139,38,31,0.88,101,0
Guilin,2015,1,2015/1/19,664,318,346,202,379,13,70,107,60,47,63,43,0,1,101,62,39,30,35,3,33,19,12,7,12,7,0,0,32,18,14,22,10,0,0,27,5,39,3,34,11,12.7,7.5,19.8,50,82.875,138.1294118,55.2544118,32.14583333,48.1875,0.8796875,115.15625,81,136,32,48,0.88,79,0
Guilin,2015,1,2015/1/20,533,252,281,144,296,6,87,76,37,39,40,35,0,1,78,48,30,23,16,3,36,19,14,5,12,6,0,1,28,15,13,14,14,0,0,20,8,22,0,27,2,12.6,10.4,15.6,51,111.1979167,176.6847826,65.4868659,64.57291667,65.77083333,0.9640625,69.90625,110,176,64,65,0.96,53,0
Guilin,2015,1,2015/1/21,483,236,247,147,245,10,81,77,44,33,47,30,0,0,76,45,31,27,14,4,31,18,11,7,12,4,0,2,17,12,5,13,4,0,0,12,5,35,0,28,4,13.6,7.5,21.6,60,100.6041667,161.0898876,60.4857209,41.40625,51.71875,0.89578125,88.0625,101,162,40,51,0.9,51,0
Guilin,2015,1,2015/1/22,472,206,266,144,257,5,66,70,40,30,39,29,0,2,77,42,35,31,19,1,26,18,12,6,13,5,0,0,19,11,8,13,6,0,0,12,7,22,3,33,5,13.3,7.9,20.7,57,97.96875,158.9894737,61.0207237,34.45833333,55.29787234,0.959135417,109.125,97,158,34,54,0.96,73,0
Guilin,2015,1,2015/1/23,476,212,264,151,246,11,68,74,39,35,45,26,0,3,78,40,38,31,19,1,27,19,10,9,13,5,0,1,30,17,13,18,10,0,2,24,6,15,1,23,1,14.3,9.1,20.9,67,119.1190476,187.0897436,67.970696,35.11904762,65.07142857,1.019083333,82.17857143,117,185,32,63,1.01,57,0
Guilin,2015,1,2015/1/24,331,166,165,95,165,12,59,63,42,21,39,19,0,5,48,29,19,10,12,2,24,10,8,2,7,3,0,0,21,14,7,12,6,0,3,16,5,21,1,21,5,16.9,15.9,17.8,59,58.61458333,99.30107527,40.68649194,25.05208333,43.5,0.591775281,81.4375,58,101,24,42,0.59,77,0
Guilin,2015,1,2015/1/25,376,185,191,103,196,11,66,64,41,23,34,28,0,2,55,33,22,17,14,0,24,10,8,2,8,1,0,1,27,20,7,14,11,0,2,21,6,22,0,21,6,16.3,13.9,20.5,77,95.08333333,128.7529412,33.66960787,41.41666667,48.75,0.759223404,51.09375,94,127,41,48,0.75,38,0
Guilin,2015,1,2015/1/26,624,317,307,175,327,40,82,102,58,44,56,41,1,4,79,54,25,22,23,5,29,16,13,3,10,5,0,1,37,23,14,17,18,0,2,28,9,31,3,24,3,15.6,13.1,19.7,72,130.6413043,149.2439024,18.6025981,29.02173913,38.73913043,1.025347826,69.21875,131,109,28,38,1.03,53,0
Guilin,2015,1,2015/1/27,490,239,251,134,258,24,74,79,49,30,40,34,1,4,71,47,24,19,20,4,28,7,5,2,6,1,0,0,30,18,12,16,12,0,2,24,6,28,1,30,9,12.3,10.5,16.4,80,68.65625,85.7,17.04375,15.51041667,34.82291667,1.256458333,41.34375,68,87,15,34,1.26,41,0
Guilin,2015,1,2015/1/28,420,208,212,111,219,17,73,69,36,33,38,23,1,7,71,52,19,22,11,8,30,13,13,0,9,4,0,0,29,16,13,17,7,0,5,23,6,14,0,31,0,7.3,6,10.6,83,21.4673913,28.0862069,6.6188156,11.31521739,35.21978022,1.544304348,15.14285714,21,27,10,34,1.53,22,0
Guilin,2015,1,2015/1/29,413,191,222,123,204,24,62,77,40,37,50,23,0,4,61,36,25,19,14,5,23,14,9,5,12,0,1,1,27,15,12,21,6,0,0,19,8,21,0,21,1,4.3,3.5,6.3,82,11.0625,17.25862069,6.19612069,9.25,25.08602151,0.927458333,13.25,10,17,8,24,0.92,12,0
Guilin,2015,1,2015/1/30,421,194,227,134,219,12,56,67,42,25,39,25,1,2,64,44,20,22,16,3,23,15,11,4,10,0,0,5,31,16,15,20,10,0,1,22,9,19,2,17,3,3.4,2.7,4.3,74,31.35869565,35.2244898,3.86579415,11.80434783,17.88043478,0.786413043,42.71428571,31,36,11,17,0.79,33,0
Guilin,2015,1,2015/1/31,350,166,184,90,171,8,81,66,40,26,37,24,0,5,52,23,29,10,10,2,30,9,5,4,6,1,0,2,29,20,9,14,13,0,2,20,9,17,0,25,4,3.6,2.4,4.6,75,40.80952381,51.04166667,10.23214286,14.78571429,17.92857143,0.964428571,34.96875,38,43,13,18,0.98,38,0
Guilin,2015,2,2015/2/1,317,155,162,77,158,17,65,51,30,21,28,19,1,3,65,45,20,17,14,6,28,14,11,3,8,5,0,1,22,14,8,11,10,0,1,14,8,15,1,28,3,4.4,3.5,5.3,75,31.8125,39.78571429,7.97321429,10.85416667,21.89583333,1.082614583,23.875,31,40,10,21,1.08,23,0
Guilin,2015,2,2015/2/2,591,290,301,137,321,55,78,93,56,37,46,43,1,3,86,52,34,29,19,8,30,17,11,6,12,3,0,2,33,16,17,19,14,0,0,28,5,23,2,30,4,4.9,3.9,6.2,85,49.11578947,58.5862069,9.47041743,13.34042553,27.28421053,1.281389474,20.59375,48,57,12,26,1.28,19,0
Guilin,2015,2,2015/2/3,505,244,261,109,247,37,112,64,30,34,36,22,0,6,87,56,31,19,18,13,37,17,10,7,9,6,0,2,28,15,13,16,8,0,4,23,5,16,0,29,3,5.5,4.7,6.8,89,24.60869565,30.92857143,6.31987578,8.355555556,21.97826087,1.385315217,22.5,24,28,7,21,1.39,18,0
Guilin,2015,2,2015/2/4,534,268,266,140,269,25,100,88,50,38,44,37,0,7,76,52,24,22,15,5,34,16,12,4,12,2,0,2,28,15,13,19,7,0,2,24,4,22,4,32,4,6.7,5.2,8.6,71,59.91304348,80.41463415,20.50159067,19.39130435,22.32608696,1.307152174,62.6875,59,57,19,21,1.31,50,0
Guilin,2015,2,2015/2/5,522,270,252,144,260,23,95,85,53,32,48,31,0,6,87,53,34,26,15,5,41,17,13,4,11,5,0,1,34,22,12,20,11,0,3,29,5,22,0,33,5,7.8,6.7,9.7,55,123.0543478,150.6461538,27.591806,42.55434783,25.23076923,1.397326087,109.8214286,122,149,42,24,1.4,98,0
Guilin,2015,2,2015/2/6,465,229,236,128,246,16,75,90,47,43,39,41,0,10,74,47,27,31,19,2,22,21,11,10,15,6,0,0,34,19,15,15,16,0,3,23,11,28,2,23,4,7.5,4.1,11.3,54,118.9787234,163.7179487,44.7392253,37.96808511,40.30851064,1.506957447,98.55172414,118,160,38,38,1.49,83,0
Guilin,2015,2,2015/2/7,407,213,194,127,188,15,77,76,54,22,49,23,0,4,67,43,24,25,16,3,23,17,9,8,13,4,0,0,31,24,7,19,12,0,0,22,9,26,3,23,6,9.5,7.4,12.4,64,122.2604167,178.987013,56.7265963,31.90625,53.83333333,1.559697917,59.25,121,176,31,52,1.56,51,0
Guilin,2015,2,2015/2/8,365,170,195,91,184,15,75,72,49,23,36,31,1,4,71,44,27,12,10,8,41,5,3,2,4,1,0,0,36,27,9,17,16,0,3,26,10,18,1,33,3,11.9,8.8,16.1,39,77.86458333,108.3088235,30.44424017,32.97916667,26.84375,1.061947917,120.625,77,107,32,26,1.06,107,1
Guilin,2015,2,2015/2/9,596,295,301,160,323,43,70,100,60,40,50,44,2,4,87,54,33,28,22,11,26,16,8,8,11,4,1,0,29,15,14,15,12,0,2,21,8,27,1,20,2,10.8,9.9,12.6,42,100.09375,124.3076923,24.2139423,37.85416667,32.5625,1.175020833,100.71875,99,124,37,32,1.18,104,1
Guilin,2015,2,2015/2/10,506,257,249,134,278,16,78,67,39,28,36,28,0,3,67,47,20,28,18,4,17,19,15,4,15,4,0,0,26,18,8,15,10,0,1,17,9,13,1,17,4,9.8,9.1,11.4,48,106.8229167,141.5617978,34.7388811,32.44791667,41.01041667,1.265104167,68,106,140,32,40,1.27,71,1
Guilin,2015,2,2015/2/11,560,277,283,156,268,33,103,79,36,43,45,28,0,6,94,62,32,35,15,8,36,15,10,5,13,2,0,0,23,9,14,11,11,0,1,18,5,19,2,36,6,9.7,8.6,12.4,66,152.1052632,211.6818182,59.576555,25,47.66315789,1.628568421,61.12903226,150,208,24,46,1.59,47,1
Guilin,2015,2,2015/2/12,489,240,249,134,254,11,90,82,44,38,43,34,1,4,96,63,33,32,18,3,43,24,17,7,17,5,0,2,28,15,13,17,11,0,0,20,8,19,2,36,6,8.7,3.8,16.2,82,162.7142857,221.4777778,58.7634921,14.20879121,46.74725275,2.118626374,52.125,164,232,13,49,2.18,29,1
Guilin,2015,2,2015/2/13,509,239,270,137,275,11,86,87,46,41,46,32,0,9,78,53,25,25,25,1,27,17,15,2,12,5,0,0,27,15,12,13,12,0,2,22,5,22,2,32,3,10.3,6.8,14.1,81,217.1976744,311,93.8023256,27.76744186,78.03488372,3.021325581,18.53125,209,297,25,74,2.88,13,1
Guilin,2015,2,2015/2/14,409,181,228,114,221,10,64,87,45,42,47,34,0,6,64,36,28,18,18,3,25,15,8,7,10,3,1,1,33,18,15,13,18,0,2,26,7,31,2,20,7,12,11.1,12.9,91,203.9270833,270.4456522,66.5185689,17.09375,64.69791667,2.96725,16.64285714,203,264,16,64,2.97,12,1
Guilin,2015,2,2015/2/15,369,169,200,106,170,12,81,65,33,32,36,25,0,4,84,52,32,29,13,3,39,19,13,6,15,3,0,1,29,15,14,17,11,0,1,26,3,14,1,30,0,14.4,12,20.3,92,90.32291667,122.4556962,32.13277953,14.35416667,41.35416667,2.088010417,36.12903226,89,124,13,41,2.09,21,1
Guilin,2015,2,2015/2/16,360,167,193,114,179,9,58,67,35,32,45,20,0,2,55,33,22,19,15,3,18,8,5,3,7,1,0,0,30,18,12,19,9,0,2,20,10,17,2,19,6,17.6,13.6,24.6,81,57.01041667,80.81176471,23.80134804,9.135416667,21.54166667,1.584708333,64.06451613,56,79,8,21,1.58,38,1
Guilin,2015,2,2015/2/17,325,154,171,73,173,6,73,60,38,22,27,28,1,4,56,36,20,15,9,3,29,11,8,3,8,1,0,2,30,17,13,12,15,1,2,22,8,13,0,25,3,17.2,13.7,22.9,81,60.34375,71.74683544,11.40308544,8.020833333,23.0625,1.318822917,72.875,59,70,7,22,1.32,56,0
Guilin,2015,2,2015/2/18,189,88,101,51,87,3,48,31,17,14,18,12,0,1,35,21,14,11,3,0,21,6,5,1,6,0,0,0,14,8,6,9,5,0,0,10,4,8,0,18,1,16.8,15.2,18.8,90,71.84042553,81.29487179,9.45444626,11.66304348,24.50549451,1.139851064,52.6875,71,83,12,23,1.14,33,0
Guilin,2015,2,2015/2/19,233,117,116,50,123,9,51,33,24,9,19,14,0,0,52,37,15,13,10,2,27,9,6,3,5,3,0,1,24,17,7,14,10,0,0,21,3,5,3,18,5,18.3,16.2,21.2,91,239,216.3636364,84.606,27.27659574,19.73493976,1.115536842,41.25,242,215,31,17,1.12,32,0
Guilin,2015,2,2015/2/20,385,200,185,114,200,5,66,58,35,23,32,24,0,2,75,51,24,23,19,0,33,17,14,3,14,2,0,1,23,12,11,11,11,0,1,16,7,10,4,29,2,20.4,19.4,22.4,80,36.58333333,47.03703704,10.45370371,4.635416667,10.44615385,0.775135417,60.59375,36,46,4,7,0.78,58,0
Guilin,2015,2,2015/2/21,386,199,187,115,195,9,67,63,32,31,38,25,0,0,80,47,33,27,16,3,34,21,15,6,15,5,0,1,26,16,10,14,12,0,0,23,3,19,2,34,2,14.4,12.6,21.3,84,14.32608696,24.25,9.92391304,4.771929825,11.73493976,0.859347826,37.9375,13,21,3,10,0.86,46,0
Guilin,2015,2,2015/2/22,358,184,174,111,179,10,58,62,39,23,36,24,0,2,63,39,24,25,13,3,22,19,13,6,13,6,0,0,23,15,8,11,11,0,1,20,3,18,0,15,5,13.6,12,15.7,72,32.59782609,43.8875,11.28967391,5.048192771,13.11956522,0.919086957,55.875,32,43,4,12,0.92,50,0
Guilin,2015,2,2015/2/23,474,228,246,130,265,8,71,70,43,27,34,34,0,2,71,41,30,28,16,1,26,18,10,8,14,3,0,1,35,22,13,19,16,0,0,25,10,8,0,29,1,12.7,11.1,14.5,75,39.19318182,45.44594595,6.25276413,4.352941176,13.69318182,0.989090909,47.0625,38,44,3,13,0.99,44,0
Guilin,2015,2,2015/2/24,584,291,293,159,338,17,70,88,56,32,56,31,1,0,98,58,40,30,27,6,35,18,14,4,13,5,0,0,39,24,15,30,9,0,0,33,6,19,2,38,3,12.9,11.2,15.1,77,34.09090909,41.28947368,7.19856459,4.942028986,15.56818182,1.038465909,39.64285714,33,41,3,15,1.04,34,1
Guilin,2015,2,2015/2/25,769,379,390,217,438,28,86,105,60,45,56,49,0,0,96,65,31,30,29,4,33,19,11,8,13,6,0,0,37,21,16,25,12,0,0,29,8,27,2,29,3,14,13.2,16,85,34.26086957,43.05063291,8.78976334,5.706666667,19.95652174,1.26348913,26.39285714,33,43,4,19,1.26,22,0
Guilin,2015,2,2015/2/26,765,384,381,215,451,26,73,118,66,52,52,64,2,0,96,59,37,31,29,5,31,28,17,11,16,12,0,0,49,24,25,21,27,1,0,32,17,29,1,23,4,12.2,11.8,13.9,83,19.67708333,25.24096386,5.56388053,5.565217391,15.04166667,1.321510417,32.40625,19,24,3,14,1.32,33,0
Guilin,2015,2,2015/2/27,626,303,323,202,346,18,60,102,64,38,63,38,0,1,85,50,35,33,23,4,25,20,13,7,17,3,0,0,37,26,11,23,13,0,1,30,7,27,1,22,1,13.2,11.8,15.4,81,26.71875,38.3125,11.59375,9.208955224,17.48958333,1.30865625,23.34375,26,34,6,17,1.31,24,0
Guilin,2015,2,2015/2/28,543,280,263,148,309,13,73,87,51,36,52,34,0,1,86,57,29,24,22,5,35,17,11,6,12,5,0,0,33,20,13,20,13,0,0,26,7,30,1,32,6,10.5,7.8,14.1,76,8.0625,12.63513514,4.57263514,5.647887324,11.61458333,0.915125,34.28125,7,12,4,11,0.92,32,0
Guilin,2015,3,2015/3/1,401,199,202,117,209,13,62,77,41,36,49,27,0,1,56,33,23,18,10,2,26,11,8,3,8,3,0,0,34,14,20,26,7,0,1,24,10,22,1,19,7,8.8,5.8,12.2,59,36.57291667,45.90243902,9.32952235,8.293478261,11.88505747,0.752875,82.59375,36,44,7,11,0.75,76,0
Guilin,2015,3,2015/3/2,726,345,381,195,427,16,88,107,48,59,67,40,0,0,94,59,35,23,24,5,42,16,11,5,10,4,0,2,43,18,25,32,11,0,0,36,7,32,0,39,5,8.8,7.8,10.4,81,53.50561798,62.859375,9.35375702,8.075949367,24.54545455,0.947522727,57.16129032,53,59,7,23,0.96,52,0
Guilin,2015,3,2015/3/3,603,291,312,159,361,19,64,98,53,45,55,43,0,0,89,50,39,29,25,2,33,17,10,7,11,5,0,1,41,20,21,25,16,0,0,32,9,22,2,29,5,10.1,8.4,11.7,78,23.56321839,37.95774648,14.39452809,7.75308642,17,0.88845977,63.375,23,34,6,14,0.9,53,0
Guilin,2015,3,2015/3/4,540,240,300,143,332,10,55,100,61,39,49,50,0,1,74,44,30,22,24,2,26,15,12,3,10,4,0,1,33,25,8,17,15,0,1,25,8,28,0,30,7,10.1,9.3,10.8,72,42.44565217,63.43333333,20.98768116,9.010869565,16.53409091,0.895586957,62.5,42,62,8,15,0.9,59,0
Guilin,2015,3,2015/3/5,397,182,215,107,234,3,53,60,34,26,36,24,0,0,62,37,25,17,18,1,26,14,10,4,11,2,0,1,30,16,14,19,11,0,0,25,5,14,3,25,3,8,7.8,9.3,83,17.96875,25.1686747,7.1999247,6.544303797,13.50549451,0.931458333,48.65625,17,24,5,12,0.93,47,0
Guilin,2015,3,2015/3/6,624,314,310,199,351,8,66,108,71,37,70,38,0,0,93,53,40,35,28,1,29,23,16,7,16,7,0,0,42,24,18,36,6,0,0,38,4,28,0,32,2,6.9,5.9,8.5,77,20.875,28.19672131,7.32172131,6.034883721,13.03488372,0.7698125,64.28125,20,23,5,11,0.77,61,0
Guilin,2015,3,2015/3/7,429,202,227,121,245,12,51,73,43,30,45,28,0,0,59,40,19,22,15,3,19,13,10,3,10,2,0,1,29,15,14,16,13,0,0,21,8,19,4,19,4,7.8,6.8,9,83,46.5625,56.94936709,10.38686709,6.479166667,19.60416667,0.861385417,61.5625,46,55,6,18,0.86,52,0
Guilin,2015,3,2015/3/8,388,167,221,94,229,14,51,58,31,27,32,25,0,1,66,38,28,19,19,2,26,15,12,3,11,4,0,0,29,19,10,15,14,0,0,24,5,9,0,26,2,9.1,7.7,10.6,94,26.66666667,30.71875,4.05208333,7.5,25.05208333,1.111677083,17.125,26,29,7,24,1.11,19,1
Guilin,2015,3,2015/3/9,853,422,431,263,492,13,85,152,94,58,72,80,0,0,88,57,31,27,25,6,30,20,13,7,13,4,0,3,51,36,15,29,22,0,0,43,8,36,2,27,5,12.5,10.6,14.6,73,45.57291667,59.36144578,13.78852911,12.61458333,24.54166667,1.221697917,46.71875,45,57,12,24,1.22,35,0
Guilin,2015,3,2015/3/10,693,343,350,204,399,17,73,97,62,35,55,41,0,1,80,56,24,29,24,1,26,22,18,4,15,7,0,0,36,24,12,20,15,0,1,30,6,27,2,29,6,11.5,10.4,12.8,77,53.29166667,60.78873239,7.49706572,9.260416667,18.55208333,1.063947917,67.4375,53,60,9,17,1.06,65,0
Guilin,2015,3,2015/3/11,584,312,272,170,339,13,62,108,66,42,47,61,0,0,72,47,25,28,18,3,23,14,11,3,10,4,0,0,48,34,14,25,23,0,0,31,17,20,1,30,3,9.6,8.8,10.9,85,28.09375,32.79310345,4.69935345,9.0625,19.46875,1.10740625,40.4375,27,31,8,19,1.11,39,0
Guilin,2015,3,2015/3/12,591,296,295,180,338,13,60,88,56,32,51,36,1,0,72,43,29,23,22,2,25,18,11,7,13,5,0,0,36,23,13,17,19,0,0,28,8,22,1,26,6,12.4,8.5,18.2,77,34.63541667,43.85135135,9.21593468,11.43478261,18.38541667,0.986645833,84.3125,32,46,11,18,0.95,75,0
Guilin,2015,3,2015/3/13,605,301,304,193,325,15,72,116,63,53,62,54,0,0,90,63,27,37,22,4,27,24,17,7,18,5,1,0,49,27,22,28,21,0,0,41,8,27,2,31,4,13.4,12.3,15.1,94,39.94791667,47.20779221,7.25987554,18.19767442,29.19791667,1.2275,23.15625,39,45,16,28,1.23,23,0
Guilin,2015,3,2015/3/14,381,167,214,111,199,14,57,58,31,27,38,20,0,0,59,32,27,20,13,3,23,10,8,2,7,2,1,0,25,13,12,15,10,0,0,21,4,15,0,19,2,15.1,14,16.4,96,48.98913043,60.18181818,11.19268775,20.3,34.22826087,1.673097826,12.64285714,48,59,19,34,1.68,8,0
Guilin,2015,3,2015/3/15,352,158,194,100,195,5,52,55,32,23,31,23,1,0,50,33,17,17,9,0,24,14,9,5,10,4,0,0,25,14,11,16,9,0,0,20,5,15,1,18,1,15.7,14.9,16.5,89,25.79166667,37.44736842,11.65570175,14.6875,26.67708333,1.257645833,17.6875,25,34,14,26,1.25,19,0
Guilin,2015,3,2015/3/16,886,442,444,265,504,14,103,155,92,63,84,70,0,1,105,71,34,29,32,4,40,20,17,3,14,5,0,1,53,28,25,27,25,0,1,42,11,35,2,39,3,16.1,15.2,17.4,88,43.11458333,61.61904762,18.50446429,14.91666667,25.52083333,1.365760417,24.59375,42,58,14,25,1.37,22,0
Guilin,2015,3,2015/3/17,685,328,357,200,391,11,83,115,65,50,62,53,0,0,110,70,40,39,24,1,46,31,27,4,22,8,0,1,35,20,15,20,15,0,0,28,7,41,0,47,3,19.3,15.6,25.8,89,67.20833333,103.5833333,36.37499997,23.15625,33.52808989,1.749104167,36.21875,66,103,22,30,1.75,24,0
Guilin,2015,3,2015/3/18,665,308,357,207,368,25,65,99,60,39,55,44,0,0,96,63,33,31,24,6,35,19,13,6,11,6,1,1,42,26,16,26,16,0,0,39,3,29,6,36,7,23.3,18.9,30.6,84,54.53125,85.85714286,31.32589286,12.53191489,30.80722892,1.289520833,82.0625,54,82,12,26,1.32,48,0
Guilin,2015,3,2015/3/19,589,264,325,178,333,16,62,98,49,49,46,50,0,2,69,39,30,23,17,2,27,15,11,4,11,2,0,2,38,19,19,22,16,0,0,32,6,30,2,25,2,18,16.6,25.1,76,45.72916667,66.47777778,20.74861111,16.27083333,27.5,1.387541667,48.34375,44,63,15,26,1.37,41,0
Guilin,2015,3,2015/3/20,541,250,291,160,293,13,75,85,50,35,49,36,0,0,94,61,33,27,22,2,43,14,9,5,13,1,0,0,35,21,14,20,15,0,0,27,8,16,1,45,3,16.6,14.8,18.4,78,54.17708333,72.14285714,17.96577381,16.35416667,22.82291667,1.21084375,49.25,53,71,16,22,1.21,46,0
Guilin,2015,3,2015/3/21,424,202,222,119,224,15,66,71,40,31,38,32,1,0,73,42,31,23,16,3,31,8,4,4,7,0,0,1,24,15,9,15,9,0,0,17,7,20,4,32,4,16.9,14.4,21.7,67,32.10869565,48.26190476,16.15320911,14.59782609,19.19565217,0.928913043,85.90625,31,47,14,19,0.93,68,0
Guilin,2015,3,2015/3/22,383,179,204,101,203,13,66,54,25,29,36,18,0,0,68,39,29,15,19,2,32,11,6,5,4,5,0,2,21,11,10,15,6,0,0,16,5,19,0,36,5,17.7,14.5,21.9,66,53.21875,82.24468085,29.02593085,28.57291667,27.16666667,0.860104167,84.1875,52,81,28,26,0.86,71,0
Guilin,2015,3,2015/3/23,771,382,389,224,428,16,103,111,63,48,56,54,0,1,115,77,38,31,36,6,42,21,18,3,16,5,0,0,33,23,10,12,20,0,1,29,4,30,2,37,4,17.4,14.2,20.9,77,30.67708333,42.8125,12.13541667,12.98958333,17.01041667,0.85590625,74.84375,30,41,12,16,0.86,69,0
Guilin,2015,3,2015/3/24,639,299,340,193,347,16,83,106,62,44,58,48,0,0,97,54,43,32,16,7,42,18,12,6,15,3,0,0,45,23,22,30,15,0,0,39,6,19,1,44,5,16.1,14.9,17.7,80,47.90625,61.34042553,13.43417553,12.375,18.69791667,0.879822917,81.75,48,61,12,18,0.88,85,0
Guilin,2015,3,2015/3/25,627,315,312,204,333,11,79,104,63,41,58,46,0,0,88,56,32,32,17,2,37,18,15,3,14,3,0,1,34,21,13,23,11,0,0,29,5,30,0,36,5,15.3,14.2,16.9,77,61.59375,94.2,32.60625,17.39583333,24.64583333,0.9086875,70.76923077,61,93,17,24,0.91,59,0
Guilin,2015,3,2015/3/26,585,279,306,162,318,20,85,96,54,42,54,42,0,0,97,67,30,33,20,4,40,24,15,9,16,4,2,2,28,15,13,16,12,0,0,21,7,34,0,41,4,17.1,14.7,19.8,83,94.30208333,137.6210526,43.31896927,39.98958333,45.71875,1.362104167,45.625,92,135,38,44,1.35,26,0
Guilin,2015,3,2015/3/27,584,287,297,185,316,11,72,86,47,39,50,36,0,0,107,74,33,36,33,4,34,20,18,2,15,4,0,1,38,26,12,21,17,0,0,32,6,17,1,31,2,16.9,16.4,18.6,81,36.34375,51.87951807,15.53576807,20.14583333,23.8125,1.020302083,52.40625,36,53,19,23,1.02,42,0
Guilin,2015,3,2015/3/28,396,179,217,109,208,10,69,60,34,26,39,21,0,0,80,47,33,29,19,1,31,22,12,10,15,6,0,1,23,16,7,13,10,0,0,15,8,19,0,30,4,15.9,15.1,17.9,89,60.70652174,69.82051282,9.11399108,39.77173913,34.68478261,1.170804348,36.46875,61,71,41,34,1.18,28,0
Guilin,2015,3,2015/3/29,410,192,218,110,216,10,74,69,38,31,41,28,0,0,75,45,30,21,10,2,42,8,6,2,7,1,0,0,31,19,12,18,13,0,0,26,5,12,1,40,4,17.9,16.3,20.3,96,99.39285714,119,19.60714286,27.66071429,38.60714286,1.692535714,18.5625,119,149,37,48,1.98,15,0
Guilin,2015,3,2015/3/30,768,369,399,233,425,13,97,111,66,45,55,56,0,0,132,80,52,42,39,3,48,24,15,9,20,4,0,0,33,15,18,17,16,0,0,24,9,29,2,48,5,20.9,18.4,24.4,94,NA,NA,NA,NA,NA,NA,NA,74,105,26,31,1.71,21,0
Guilin,2015,3,2015/3/31,609,298,311,188,316,15,90,98,57,41,56,42,0,0,97,60,37,38,19,2,38,15,10,5,12,3,0,0,39,24,15,24,15,0,0,32,7,34,0,42,5,24.3,20.8,28.1,80,NA,NA,NA,NA,NA,NA,NA,32,52,14,18,0.78,48,0
Guilin,2015,4,2015/4/1,538,262,276,160,282,17,79,82,49,33,50,32,0,0,85,47,38,22,14,7,42,14,6,8,11,2,0,1,29,19,10,17,12,0,0,26,3,21,2,38,1,24.9,23.1,27.5,78,33.98958333,56.58947368,22.59989035,15.80487805,21.37894737,0.844593407,50.28125,33,56,13,20,0.84,52,0
Guilin,2015,4,2015/4/2,508,242,266,157,259,15,77,86,48,38,51,34,0,1,84,47,37,34,19,4,27,20,13,7,14,6,0,0,37,20,17,21,15,0,1,30,7,22,4,32,5,27.6,23.7,31.8,66,46.3125,72.5625,26.25,11.57446809,19.05208333,0.944635417,108.34375,45,72,11,18,0.94,89,0
Guilin,2015,4,2015/4/3,511,263,248,150,253,11,97,81,52,29,49,32,0,0,110,71,39,36,18,3,53,29,24,5,23,5,1,0,31,17,14,17,14,0,0,25,6,23,3,49,4,28.5,22.9,33.5,65,52.98863636,83.875,30.88636364,13.53409091,16.875,0.994818182,121.9285714,52,83,12,16,1,105,0
Guilin,2015,4,2015/4/4,351,182,169,100,164,5,82,59,36,23,31,27,0,1,86,60,26,19,17,4,46,16,13,3,13,2,0,1,27,17,10,11,15,0,1,21,6,12,1,44,2,28.1,24.7,32.2,70,52.52083333,78.98947368,26.46864035,11.88461538,16.53125,0.995604167,94.15625,52,78,11,16,1,90,1
Guilin,2015,4,2015/4/5,317,171,146,90,152,6,69,52,34,18,30,19,3,0,65,44,21,15,14,2,34,7,6,1,5,2,0,0,27,19,8,18,9,0,0,19,8,11,2,30,1,25.8,22.3,31.6,73,54.17708333,77.04395604,22.86687271,17.13953488,13.75789474,1.05121875,97.40625,53,76,17,13,1.05,71,0
Guilin,2015,4,2015/4/6,520,250,270,150,281,11,78,70,41,29,37,32,1,0,92,57,35,27,13,5,47,17,13,4,15,1,0,1,26,17,9,14,12,0,0,24,2,17,1,50,3,17.3,16,22.2,72,34.40625,46.3625,11.95625,13.73958333,16.69791667,1.3185625,80.875,34,44,13,16,1.32,71,0
Guilin,2015,4,2015/4/7,845,426,419,243,477,19,106,119,68,51,62,57,0,0,116,75,41,26,36,3,51,22,13,9,12,9,0,1,49,33,16,32,17,0,0,41,8,31,3,42,0,13.7,12.1,16.2,75,14.48958333,22.68292683,8.1933435,8.389473684,16.91666667,1.263166667,61.28125,13,22,7,16,1.26,66,0
Guilin,2015,4,2015/4/8,713,348,365,227,371,14,101,108,73,35,71,36,1,0,102,58,44,33,21,3,45,23,17,6,19,3,0,1,37,30,7,27,10,0,0,27,10,27,2,44,4,11.5,10.4,12.8,72,24.29166667,32.73076923,8.43910256,11.17708333,18.03125,0.903302083,75.84375,24,33,10,17,0.91,71,0
Guilin,2015,4,2015/4/9,530,233,297,130,329,3,68,80,48,32,37,42,0,1,81,41,40,22,26,1,32,15,9,6,10,5,0,0,38,22,16,18,20,0,0,33,5,15,4,44,4,11.1,9,13.5,80,25.07291667,34.06410256,8.99118589,11.84375,23.45833333,0.932104167,59.96875,24,33,11,23,0.93,58,0
Guilin,2015,4,2015/4/10,553,266,287,162,301,12,78,74,40,34,40,34,0,0,105,67,38,30,28,3,44,21,15,6,16,5,0,0,34,14,20,20,14,0,0,29,5,16,3,40,3,13.5,10.3,17.9,71,30.625,45.01176471,14.38676471,16.23958333,23.64583333,0.98421875,77.59375,30,43,16,23,0.98,64,0
Guilin,2015,4,2015/4/11,390,197,193,124,198,11,57,83,48,35,49,33,0,1,64,42,22,22,7,2,33,12,8,4,10,2,0,0,31,19,12,18,13,0,0,21,10,26,0,33,2,16,11.7,21.4,65,48.60416667,69.52688172,20.92271505,22.55208333,27.07291667,1.004166667,99.34375,48,68,22,26,1.01,79,0
Guilin,2015,4,2015/4/12,365,168,197,111,181,5,68,62,35,27,39,21,0,2,68,39,29,24,12,2,30,12,8,4,10,2,0,0,34,16,18,18,14,0,2,23,11,12,2,22,2,19.1,11.5,27.8,55,50.92708333,83.15384615,32.22676282,25.63541667,34.14583333,1.001833333,119.78125,50,83,25,34,1,78,0
Guilin,2015,4,2015/4/13,789,387,402,240,454,16,79,124,79,45,54,69,0,1,92,55,37,31,25,6,30,20,13,7,11,7,1,1,36,25,11,13,22,0,1,30,6,34,5,28,5,19.8,15.8,26.8,46,40.53125,89.51041667,48.97916667,26.94791667,30.70833333,0.883833333,133.375,41,90,27,31,0.9,94,0
Guilin,2015,4,2015/4/14,609,274,335,187,334,11,77,101,54,47,57,43,0,1,77,50,27,16,26,1,34,16,12,4,8,8,0,0,34,22,12,21,12,0,1,26,8,27,2,29,1,20.8,14.9,27.7,45,49.84375,93.05263158,43.20888158,31.65625,30.33333333,0.906375,138.21875,45,87,32,25,0.85,112,0
Guilin,2015,4,2015/4/15,571,286,285,181,302,10,78,79,40,39,43,36,0,0,79,50,29,33,13,2,31,20,12,8,17,2,0,1,23,16,7,11,12,0,0,21,2,24,0,33,3,22.1,17.7,27,63,78.15217391,125.9130435,47.76086959,19.19565217,41.22826087,1.153641304,137.9642857,76,124,18,40,1.14,93,0
Guilin,2015,4,2015/4/16,511,267,244,150,262,10,89,103,62,41,61,40,0,2,85,56,29,17,17,4,47,15,12,3,11,3,0,1,46,31,15,31,13,0,2,38,8,29,2,43,5,23.4,16.7,30.9,68,81.03125,127.8494624,46.8182124,21.03125,34.75,1.22359375,141.375,81,129,21,34,1.23,80,0
Guilin,2015,4,2015/4/17,454,207,247,142,235,8,69,71,43,28,43,28,0,0,79,47,32,22,17,2,38,13,8,5,9,4,0,0,28,17,11,16,12,0,0,25,3,24,0,30,2,24.1,19,29.6,67,64.57291667,107.2526316,42.67971493,16.875,29.1875,1.157625,135.875,65,108,16,29,1.17,79,0
Guilin,2015,4,2015/4/18,344,157,187,100,189,7,48,51,35,16,30,21,0,0,59,34,25,24,7,2,26,12,8,4,11,1,0,0,18,15,3,10,8,0,0,14,4,14,1,25,1,23.1,20.8,26.4,75,48.225,74.02531646,25.80031646,29.86486486,20.475,0.9797375,52.6875,47,74,27,20,0.98,70,0
Guilin,2015,4,2015/4/19,327,154,173,92,175,12,48,54,24,30,30,23,0,1,64,37,27,22,9,4,29,10,6,4,7,3,0,0,29,15,14,15,13,0,1,20,9,11,1,34,3,26.5,21.2,34.4,76,63.57142857,136.254902,72.68347343,18.10714286,26.39622642,1.501357143,122.3928571,62,125,16,27,1.52,106,0
Guilin,2015,4,2015/4/20,380,178,202,104,214,9,53,65,29,36,36,28,1,0,55,39,16,14,12,1,28,12,9,3,8,1,0,3,23,12,11,14,9,0,0,16,7,12,1,20,3,18.1,16.6,30.1,72,22.65625,36.2,13.54375,10.53191489,11.86458333,1.297385417,106.15625,21,27,9,11,1.3,90,0
Guilin,2015,4,2015/4/21,376,183,193,108,196,14,58,62,36,26,32,28,1,1,64,34,30,19,10,6,29,10,5,5,8,0,0,2,20,13,7,12,8,0,0,17,3,15,0,26,2,19.6,14.7,27,59,34.42708333,50.15730337,15.73022004,16.97916667,13.85416667,0.949489583,114.625,34,49,16,13,0.96,98,0
Guilin,2015,4,2015/4/22,686,346,340,214,369,13,90,117,65,52,58,59,0,0,96,62,34,31,29,2,34,10,6,4,6,3,0,1,45,24,21,23,22,0,0,38,7,24,0,38,0,18.7,16.6,22.2,61,41.51041667,57.17045455,15.66003788,22.72916667,18.28125,0.982729167,112.625,41,56,22,17,0.98,104,0
Guilin,2015,4,2015/4/23,515,249,266,146,286,10,73,76,43,33,45,30,0,1,82,49,33,25,21,2,34,18,11,7,15,3,0,0,26,19,7,16,10,0,0,21,5,19,1,36,5,18.7,16.9,21.7,71,51.45833333,71.1627907,19.70445737,26.41666667,23.58333333,1.085364583,96,51,69,26,23,1.09,83,0
Guilin,2015,4,2015/4/24,481,217,264,147,271,10,53,70,34,36,40,30,0,0,67,40,27,23,18,4,22,11,9,2,8,3,0,0,29,12,17,18,11,0,0,27,2,21,0,26,3,19.6,16.4,24.6,81,59.83333333,73.20512821,13.37179488,14.79787234,19.3125,1.147833333,86.15625,60,72,14,19,1.16,62,0
Guilin,2015,4,2015/4/25,371,194,177,104,196,10,61,69,45,24,32,35,0,2,66,44,22,19,15,1,31,11,8,3,7,4,0,0,32,22,10,14,17,0,1,23,9,13,2,23,2,22.5,19.5,27.3,66,52.59782609,75.9010989,23.30327281,23.17977528,20.32608696,1.068347826,94.82142857,52,75,22,20,1.07,65,0
Guilin,2015,4,2015/4/26,352,166,186,89,176,4,83,61,30,31,32,26,0,3,59,34,25,14,7,3,35,13,8,5,6,2,1,4,21,11,10,11,9,0,1,15,6,16,2,27,4,23.2,17.7,28.8,66,71.08333333,105.3510638,34.26773047,22.76041667,28.42708333,1.204072917,115.0625,72,106,22,29,1.22,59,0
Guilin,2015,4,2015/4/27,745,368,377,210,407,14,114,105,73,32,62,41,0,2,110,64,46,29,33,7,41,25,16,9,17,5,0,3,40,28,12,28,11,0,1,35,5,24,2,44,2,23.5,21.2,27.3,78,82.11458333,118.9473684,36.83278507,26.01041667,30.29166667,1.295666667,61.125,81,118,25,29,1.3,41,0
Guilin,2015,4,2015/4/28,538,266,272,164,275,7,92,98,63,35,58,40,0,0,75,46,29,27,18,1,29,22,14,8,14,4,0,4,36,26,10,22,14,0,0,32,4,21,2,23,2,22.3,21,25.3,93,82.66666667,125.7096774,43.04301073,19.32291667,36.23958333,1.560229167,45.5,82,121,18,35,1.57,25,0
Guilin,2015,4,2015/4/29,473,248,225,144,241,6,82,81,59,22,43,36,0,2,76,48,28,26,15,2,33,17,11,6,13,4,0,0,36,24,12,20,15,0,1,30,6,26,1,35,1,25,21.4,32.7,79,46.14583333,73.54945055,27.40361722,19.61458333,21.77083333,1.262854167,90.15625,46,73,19,22,1.29,48,0
Guilin,2015,4,2015/4/30,443,216,227,122,235,2,84,71,51,20,41,26,0,4,78,43,35,23,18,0,37,12,8,4,9,2,0,1,30,21,9,18,10,0,2,21,9,14,0,36,1,23.7,21.7,26,85,31.9375,38.69230769,6.75480769,8.5625,20.1875,0.9313125,NA,48,68,21,27,1.1,41,0
Guilin,2015,5,2015/5/1,399,192,207,122,165,9,103,58,29,29,39,16,0,3,82,54,28,27,12,4,39,17,16,1,14,1,0,2,29,14,15,18,9,0,2,24,5,17,1,29,6,26.6,22.8,32.6,79,39.94565217,65.2247191,25.27906693,14.14130435,21.96551724,1.046597826,71.10714286,39,63,13,20,1.03,43,1
Guilin,2015,5,2015/5/2,389,175,214,101,202,11,75,53,27,26,28,23,0,2,68,40,28,24,11,5,28,20,14,6,13,2,0,5,23,11,12,15,8,0,0,19,4,15,1,16,0,24.7,21.5,28.8,84,20.22916667,41.38157895,21.15241228,11.61363636,14.26041667,0.859614583,101,20,34,10,13,0.86,78,1
Guilin,2015,5,2015/5/3,423,199,224,113,206,10,94,65,39,26,38,26,0,1,68,38,30,17,13,6,32,19,12,7,11,4,0,4,33,23,10,17,16,0,0,26,7,11,0,21,2,23.2,21.2,26.1,75,35.41666667,51.12903226,15.71236559,20.3125,18.96875,0.952822917,75.59375,34,49,19,17,0.95,75,1
Guilin,2015,5,2015/5/4,795,382,413,245,405,16,129,112,61,51,65,44,0,3,108,64,44,34,25,5,44,25,20,5,19,4,0,2,42,24,18,22,20,0,0,33,9,29,4,36,4,21.4,20.1,23.5,88,34.22916667,44.79220779,10.56304112,12.05208333,15.52083333,1.07496875,91.75,33,42,11,15,1.08,88,0
Guilin,2015,5,2015/5/5,666,321,345,191,347,17,111,104,56,48,61,39,0,4,87,56,31,30,19,3,35,15,10,5,12,3,0,0,37,20,17,27,8,0,2,32,5,22,2,32,2,19.9,18.7,21.4,77,39.86458333,52.84,12.97541667,14.10416667,18.39583333,0.964604167,84,39,48,13,17,0.96,85,0
Guilin,2015,5,2015/5/6,597,292,305,185,297,9,106,107,62,45,53,50,0,4,88,60,28,24,22,1,41,13,10,3,9,3,0,1,42,24,18,29,12,0,1,38,4,26,0,36,1,21.6,18.8,25.6,87,54.27083333,71.57647059,17.30563726,18.04166667,25.47916667,1.180572917,59.6875,53,70,17,25,1.18,41,0
Guilin,2015,5,2015/5/7,600,312,288,150,315,15,120,96,63,33,55,35,1,5,83,54,29,20,24,4,35,13,8,5,8,4,0,1,33,18,15,18,14,0,1,29,4,37,3,25,3,23.3,21.7,25.7,91,58.53125,94.38541667,35.85416667,19.72916667,30.94791667,1.431645833,35.875,56,94,20,28,1.35,20,0
Guilin,2015,5,2015/5/8,528,257,271,145,266,12,105,86,50,36,44,39,0,3,69,40,29,19,19,5,26,16,13,3,11,4,0,1,38,20,18,19,17,0,2,32,6,16,2,29,4,23.2,20.9,27.5,93,36.44791667,67.39240506,30.94448839,15.31818182,25.41666667,1.33990625,95.40625,26,47,12,23,1.14,68,0
Guilin,2015,5,2015/5/9,428,216,212,128,195,14,91,77,42,35,43,30,0,4,75,48,27,24,16,7,28,15,12,3,13,1,1,0,36,21,15,25,10,0,1,26,10,20,4,26,3,24.8,21.1,30.4,70,29.38541667,41.43902439,12.05360772,17.02083333,13.04166667,0.878333333,112.6875,29,40,16,13,0.89,87,0
Guilin,2015,5,2015/5/10,405,190,215,129,185,13,78,65,36,29,34,23,0,8,54,38,16,17,13,1,23,10,5,5,6,2,0,2,34,22,12,20,12,0,2,32,2,17,1,19,2,24.6,22.1,27.8,78,52.10869565,77.77777778,25.66908213,35.05494505,24.40217391,1.027358696,88.39285714,52,78,36,24,1.03,65,0
Guilin,2015,5,2015/5/11,841,431,410,231,461,29,120,131,73,58,74,50,0,7,98,65,33,20,30,6,42,16,13,3,10,5,0,1,55,32,23,36,16,0,3,50,5,30,1,34,5,20.4,17.8,25,86,16.13541667,31.23684211,15.10142544,10.71264368,15.51041667,0.704552083,85.71875,15,26,9,15,0.71,78,0
Guilin,2015,5,2015/5/12,689,325,364,199,356,18,116,102,54,48,58,40,1,3,75,39,36,17,13,5,40,9,8,1,6,3,0,0,37,21,16,20,16,0,1,32,5,27,3,29,3,21.5,14.4,28.6,61,37.36458333,94.78125,57.41666667,22.25263158,21.84210526,0.658852632,115.2903226,37,94,22,21,0.66,82,0
Guilin,2015,5,2015/5/13,652,332,320,197,335,18,102,89,61,28,53,32,0,4,96,64,32,32,26,7,31,22,14,8,14,5,2,1,37,26,11,23,14,0,0,29,8,19,2,31,3,24.4,21.7,27.2,79,39.5,69.33333333,29.83333333,15.21875,24.49367089,0.805270833,73.34375,38,67,14,20,0.8,59,0
Guilin,2015,5,2015/5/14,593,282,311,173,293,11,116,87,47,40,48,35,0,4,84,53,31,25,14,4,41,18,13,5,12,5,0,1,25,16,9,13,10,0,2,20,5,25,2,24,4,25.7,24.1,28.5,89,24,35.70212766,11.70212766,10.81609195,13.74390244,0.7793125,39.5625,24,35,9,11,0.8,35,0
Guilin,2015,5,2015/5/15,543,249,294,162,280,13,88,76,43,33,45,26,1,4,86,50,36,26,22,5,33,18,10,8,15,3,0,0,28,19,9,19,8,0,1,27,1,24,4,34,3,23.1,22,26.3,95,20.98924731,27.79746835,6.80822104,14.21686747,27.78823529,0.960915789,72.83870968,20,27,12,24,0.97,53,0
Guilin,2015,5,2015/5/16,398,207,191,115,181,15,87,70,40,30,45,23,0,2,75,53,22,18,14,7,36,12,9,3,8,4,0,0,26,16,10,15,10,0,1,20,6,20,2,32,4,24.6,21.7,29.5,86,32.82608696,40.88732394,8.06123698,29.65217391,20.19565217,1.053565217,104.40625,32,40,28,19,1.05,70,0
Guilin,2015,5,2015/5/17,423,199,224,126,210,13,74,65,34,31,37,27,0,1,69,41,28,26,14,8,21,17,10,7,9,6,0,2,25,11,14,17,8,0,0,20,5,11,0,21,4,24.5,21.9,29.7,90,43.98958333,56.61538462,12.62580129,13.69791667,18.38541667,1.203083333,85.90625,44,56,13,17,1.21,72,0
Guilin,2015,5,2015/5/18,790,367,423,229,437,21,103,120,82,38,66,53,0,1,86,47,39,29,23,8,26,18,11,7,12,5,0,1,49,36,13,27,22,0,0,42,7,33,1,27,4,25.3,24.4,27.6,96,33.0625,47.52688172,14.46438172,10.17647059,26.875,1.252083333,41.0625,32,47,9,26,1.26,36,0
Guilin,2015,5,2015/5/19,663,320,343,182,343,24,114,103,49,54,57,44,0,2,90,61,29,25,24,7,34,20,14,6,11,8,1,0,36,16,20,26,10,0,0,31,5,25,0,28,6,26.3,24.2,29.8,92,35.17708333,48.88372093,13.7066376,10.52941176,25.98958333,1.254375,74.06451613,35,46,9,26,1.26,41,0
Guilin,2015,5,2015/5/20,524,252,272,134,273,13,104,68,41,27,29,39,0,0,76,46,30,25,12,6,33,15,12,3,10,3,0,2,32,17,15,16,16,0,0,28,4,13,2,30,3,25.3,23.2,29.5,88,18.84375,28.93589744,10.09214744,9.957894737,14.57291667,0.857083333,80.28125,18,27,9,14,0.88,66,0
Guilin,2015,5,2015/5/21,560,283,277,151,290,20,99,100,64,36,53,46,0,1,93,65,28,25,25,4,39,14,11,3,10,4,0,0,38,26,12,26,11,0,1,35,3,21,6,34,7,26.1,23.8,29.8,72,55.32291667,71.55681818,16.23390151,16.98947368,15.65625,0.717708333,119.46875,54,67,16,15,0.72,102,0
Guilin,2015,5,2015/5/22,504,226,278,163,259,10,72,82,40,42,52,30,0,0,65,47,18,22,16,3,24,12,11,1,9,3,0,0,34,15,19,21,13,0,0,29,5,24,1,22,1,23,21.9,26.3,86,54.1875,70.75,16.5625,18.30208333,20.83333333,0.85740625,101.4375,53,70,18,20,0.85,104,0
Guilin,2015,5,2015/5/23,341,154,187,84,171,12,74,45,25,20,23,22,0,0,64,38,26,17,17,5,25,9,5,4,4,4,0,1,19,12,7,7,12,0,0,15,4,13,2,27,4,21.9,20.4,23.9,90,23.57291667,31.23595506,7.66303839,10.98958333,16.61458333,0.805541667,119.6875,23,30,10,16,0.81,101,0
Guilin,2015,5,2015/5/24,308,132,176,77,161,10,60,50,25,25,25,23,0,2,49,26,23,13,13,6,17,8,5,3,4,4,0,0,15,7,8,8,6,0,1,10,5,19,1,18,1,23.3,19.8,28.1,76,43.25263158,51.89855072,8.64591914,15.92631579,16.08421053,0.777126316,125.3548387,42,49,15,15,0.78,98,0
Guilin,2015,5,2015/5/25,674,331,343,220,353,15,86,115,66,49,65,48,2,0,82,56,26,30,21,3,28,19,14,5,14,4,0,1,48,28,20,31,17,0,0,42,6,33,0,27,4,25.8,22.3,30.3,75,54.48421053,72.18390805,17.69969752,22.51612903,15.46315789,0.830189474,104.0967742,55,74,21,14,0.83,76,0
Guilin,2015,5,2015/5/26,529,259,270,178,247,17,87,79,44,35,45,33,1,0,79,49,30,36,12,5,26,22,14,8,18,3,0,1,31,16,15,17,14,0,0,25,6,25,1,25,4,25.5,24,28.3,93,63.52083333,80.10869565,16.58786232,23.22916667,24.76041667,1.034708333,44.28125,62,78,22,23,1.03,34,0
Guilin,2015,5,2015/5/27,519,271,248,171,256,13,79,74,41,33,39,35,0,0,87,59,28,26,24,6,31,18,15,3,12,5,0,1,24,13,11,14,10,0,0,21,3,22,2,30,3,28.2,24.5,31.6,85,45.38043478,80.20879121,34.82835643,19.50574713,24.15217391,1.064858696,85.46428571,48,83,18,24,1.11,45,0
Guilin,2015,5,2015/5/28,461,228,233,131,242,13,75,79,42,37,51,28,0,0,55,27,28,21,10,2,22,11,7,4,7,3,0,1,38,18,20,27,11,0,0,30,8,16,0,24,2,29.4,26.3,33.9,82,40.01052632,65.61702128,25.60649496,10.34090909,20.64210526,0.843336842,90.74193548,39,65,9,19,0.83,50,0
Guilin,2015,5,2015/5/29,490,234,256,177,228,8,77,73,47,26,50,23,0,0,82,46,36,31,14,2,35,14,8,6,11,3,0,0,29,22,7,23,6,0,0,28,1,22,1,37,5,30.5,28.7,34.5,71,29.90789474,51.65789474,21.75,10.28378378,13.38157895,0.713276316,109.5,32,54,8,14,0.76,83,0
Guilin,2015,5,2015/5/30,309,155,154,94,147,11,57,46,25,21,22,23,1,0,63,47,16,21,13,4,25,12,9,3,8,2,0,2,22,9,13,13,9,0,0,17,5,9,2,24,1,26.8,24.4,31.3,79,NA,NA,NA,NA,NA,NA,NA,30,39,16,15,0.85,73,0
Guilin,2015,5,2015/5/31,293,139,154,89,148,9,47,45,28,17,29,16,0,0,56,28,28,28,12,1,15,12,5,7,10,1,0,1,15,11,4,11,4,0,0,13,2,14,1,24,5,24.1,22,26.9,82,NA,NA,NA,NA,NA,NA,NA,48,62,27,19,1.02,71,0
Guilin,2015,6,2015/6/1,643,336,307,203,338,14,88,104,53,51,56,47,1,0,103,67,36,29,35,7,32,19,14,5,9,7,0,3,48,25,23,31,17,0,0,43,5,20,2,34,1,26.9,23.8,30.9,89,39.67708333,61.04210526,21.36502193,25.04597701,20.46875,1.009270833,70.03125,41,62,24,20,1.03,43,0
Guilin,2015,6,2015/6/2,512,243,269,162,270,11,69,89,52,37,61,28,0,0,83,57,26,28,26,2,27,17,15,2,9,6,0,2,40,28,12,32,8,0,0,35,5,23,0,29,4,27.7,26.2,31.7,86,21.23232323,36.82474227,15.59241904,15.22727273,13.3030303,0.697393939,72.21875,20,35,13,12,0.69,62,0
Guilin,2015,6,2015/6/3,519,251,268,182,249,18,70,77,43,34,41,35,1,0,85,51,34,30,19,9,27,19,9,10,14,3,1,1,39,22,17,25,14,0,0,37,2,15,1,34,2,28.5,26.1,32.6,81,16.2244898,30.64516129,14.42067149,11.29591837,10.23469388,0.637653061,74.2,15,29,11,10,0.64,61,0
Guilin,2015,6,2015/6/4,507,243,264,149,258,15,85,82,51,31,46,36,0,0,87,56,31,32,20,5,30,19,12,7,16,3,0,0,30,22,8,21,9,0,0,25,5,16,0,34,6,26.8,24,33.2,86,22.51041667,35.54117647,13.0307598,16.08421053,13.61458333,0.65475,82.25,22,32,16,13,0.65,61,0
Guilin,2015,6,2015/6/5,457,252,205,147,226,13,71,87,57,30,55,32,0,0,84,57,27,28,25,4,27,18,17,1,14,4,0,0,38,27,11,28,10,0,0,34,4,19,0,26,2,23.7,22.1,27,79,26.04166667,38.16666667,12.125,15.94791667,17.25,0.863229167,82.1875,24,34,15,15,0.86,65,0
Guilin,2015,6,2015/6/6,349,180,169,114,161,9,65,50,31,19,35,15,0,0,63,40,23,20,16,3,24,9,8,1,7,1,0,1,25,16,9,18,7,0,0,21,4,9,2,22,2,26.1,21.3,31.6,78,36.02083333,54.77173913,18.7509058,27.64583333,17.60416667,0.858135417,93.25,38,57,29,19,0.88,46,0
Guilin,2015,6,2015/6/7,320,149,171,109,152,3,56,53,30,23,31,21,0,1,66,37,29,24,16,1,25,15,8,7,10,5,0,0,29,16,13,17,12,0,0,22,7,8,2,26,1,26.8,25.6,29.2,90,20.44791667,33.45833333,13.01041666,10.78947368,15.71875,0.71778125,69.0625,20,33,10,15,0.72,49,0
Guilin,2015,6,2015/6/8,709,351,358,227,375,18,89,93,61,32,51,40,0,2,123,69,54,46,38,11,28,19,13,6,13,6,0,0,40,25,15,24,14,0,2,33,7,17,4,36,1,25.8,24.6,28.9,95,15.57291667,24.73913043,9.16621376,9.663157895,15.72631579,0.685791667,64.28125,15,23,9,15,0.69,46,0
Guilin,2015,6,2015/6/9,538,266,272,159,297,10,72,87,44,43,44,43,0,0,88,55,33,29,27,2,30,19,12,7,11,8,0,0,24,12,12,13,11,0,0,22,2,19,3,31,2,24.4,22.3,27,94,18.86956522,31.3015873,12.43202208,12.52747253,16.65217391,1.000043478,61.78571429,18,24,12,17,1.01,45,0
Guilin,2015,6,2015/6/10,589,298,291,189,304,12,84,89,55,34,55,33,1,0,95,62,33,35,24,6,30,26,19,7,16,6,1,3,34,22,12,22,12,0,0,29,5,24,1,31,4,25.7,24.6,29.9,96,20.18478261,32.12941176,11.94462915,10.17977528,16.82222222,0.952728261,65.06451613,19,30,9,17,0.98,47,0
Guilin,2015,6,2015/6/11,489,245,244,158,236,14,81,83,51,32,51,32,0,0,87,54,33,23,22,6,36,16,11,5,9,7,0,0,33,21,12,21,12,0,0,26,7,24,2,36,4,24,21.1,26.8,92,26.32291667,46.01298701,19.69007034,19.17021277,19.11578947,0.892854167,66.71875,25,43,18,18,0.9,58,0
Guilin,2015,6,2015/6/12,564,259,305,171,288,18,87,93,53,40,42,50,1,0,86,49,37,31,18,6,31,17,15,2,15,1,0,1,42,25,17,21,21,0,0,38,4,15,0,35,2,24.4,20.9,29.1,84,32.4375,52.22105263,19.78355263,20.54166667,16.94791667,0.821364583,83.875,32,52,20,16,0.83,53,0
Guilin,2015,6,2015/6/13,419,213,206,120,198,15,86,43,22,21,31,12,0,0,87,54,33,32,19,4,32,19,12,7,13,4,2,0,23,10,13,15,8,0,0,22,1,7,3,30,0,24.8,24.2,26.3,96,18.15957447,29.27472527,11.1151508,12.2688172,21.86458333,0.88175,33.46875,15,25,8,21,0.87,31,0
Guilin,2015,6,2015/6/14,358,172,186,92,184,8,74,56,36,20,35,21,0,0,60,30,30,19,12,2,27,10,8,2,7,2,1,0,22,14,8,14,8,0,0,16,6,19,0,27,2,24.1,22.9,25.3,99,12.48235294,17.16901408,4.68666114,9.063829787,16.13684211,0.793541667,60.625,11,16,8,15,0.8,51,0
Guilin,2015,6,2015/6/15,725,346,379,222,390,16,97,106,66,40,54,52,0,0,131,80,51,60,32,7,32,33,21,12,27,6,0,0,41,25,16,23,18,0,0,38,3,22,1,34,3,27.1,23.7,32.3,85,23.11363636,36.22891566,13.1152793,15.09090909,17.09195402,0.910670455,52.03125,23,36,15,16,0.93,33,0
Guilin,2015,6,2015/6/16,503,256,247,163,256,12,72,79,50,29,51,27,1,0,107,62,45,45,27,5,30,15,7,8,11,4,0,0,38,22,16,24,14,0,0,34,4,18,0,44,3,28.5,24.6,33.1,76,15.28125,29.09473684,13.81348684,9.541666667,9.947916667,0.635416667,56.34375,14,28,9,9,0.63,42,0
Guilin,2015,6,2015/6/17,517,256,261,185,260,6,66,70,42,28,45,25,0,0,86,57,29,40,25,2,19,17,16,1,11,6,0,0,30,19,11,25,5,0,0,27,3,19,2,29,2,29.4,26.7,32.2,72,19.64583333,36.90625,17.26041667,11.01041667,15.13541667,0.699854167,55.34375,19,37,11,15,0.71,39,0
Guilin,2015,6,2015/6/18,447,218,229,134,213,9,91,71,42,29,46,25,0,0,89,55,34,31,14,3,41,12,11,1,10,2,0,0,31,21,10,18,13,0,0,24,7,22,2,40,2,28.2,26.1,30.3,82,33.15625,56.17021277,23.01396277,22.04166667,22.41052632,0.86459375,50.65625,36,60,24,24,0.91,29,0
Guilin,2015,6,2015/6/19,374,180,194,105,203,9,57,61,34,27,33,28,0,0,88,54,34,28,23,3,34,20,13,7,15,4,0,1,24,16,8,11,13,0,0,22,2,18,0,41,2,25.1,23.3,28.3,92,27.63043478,39.640625,12.01019022,21.41758242,18.72826087,1.107880435,59.28571429,24,28,19,16,1.11,47,0
Guilin,2015,6,2015/6/20,244,120,124,80,115,7,42,37,19,18,21,16,0,0,62,38,24,26,11,4,21,8,6,2,7,1,0,0,20,11,9,10,10,0,0,14,6,6,0,33,1,25.7,23.4,28.8,89,37.9375,48.86419753,10.92669753,23.09375,19.75,1.114270833,79.625,36,45,22,18,1.14,38,0
Guilin,2015,6,2015/6/21,311,161,150,101,146,9,55,60,38,22,36,24,0,0,75,47,28,27,15,6,27,16,10,6,8,5,0,3,31,19,12,16,15,0,0,30,1,11,2,26,0,27.6,24.8,32.1,86,48.86458333,66.67741935,17.81283602,26.60416667,18.47916667,0.9740625,64.96875,48,67,26,18,0.97,38,0
Guilin,2015,6,2015/6/22,411,195,216,124,220,12,55,66,38,28,36,28,2,0,73,46,27,23,22,3,25,7,5,2,5,2,0,0,22,14,8,13,9,0,0,20,2,20,4,25,1,27.9,24.5,32.2,83,38.38043478,51.57317073,13.19273595,20.76086957,17.20652174,0.812423913,72.75,37,51,20,16,0.81,45,0
Guilin,2015,6,2015/6/23,524,257,267,169,282,18,55,75,42,33,39,36,0,0,98,63,35,41,26,10,21,16,11,5,12,4,0,0,41,26,15,25,16,0,0,36,5,15,1,28,0,27.7,25.8,32.5,83,42.22916667,53.51190476,11.28273809,17.36458333,15.38541667,0.945104167,89.78125,41,53,17,15,0.95,61,0
Guilin,2015,6,2015/6/24,400,191,209,150,202,8,40,62,32,30,35,26,0,1,65,35,30,27,19,3,16,15,11,4,11,3,1,0,27,14,13,16,11,0,0,23,4,19,1,21,2,28.4,25.7,32.1,81,20.87912088,35.98876404,15.10964316,17.71276596,14.46067416,0.753258065,71.03225806,19,34,17,13,0.75,43,0
Guilin,2015,6,2015/6/25,346,179,167,115,175,13,43,57,36,21,35,22,0,0,65,38,27,26,17,5,17,13,9,4,9,4,0,0,33,18,15,22,11,0,0,27,6,11,0,19,2,29.3,26.2,32.8,76,19.52173913,33.40506329,13.88332416,16.70652174,12.10344828,0.691663043,62.125,19,32,16,11,0.69,43,0
Guilin,2015,6,2015/6/26,360,176,184,137,173,8,42,60,35,25,43,17,0,0,61,33,28,24,11,3,23,13,9,4,10,2,0,1,27,19,8,23,4,0,0,24,3,13,2,19,2,30.2,28.5,32.7,71,20.98958333,35.91397849,14.92439516,11.03125,11.36458333,0.7288125,76.78125,20,35,10,11,0.73,57,0
Guilin,2015,6,2015/6/27,292,143,149,91,130,20,51,58,38,20,40,17,1,0,56,30,26,16,10,6,24,8,6,2,7,0,0,1,28,21,7,20,8,0,0,22,6,16,3,27,5,30.6,28.1,33.8,69,22.77083333,38.91666667,16.14583334,10.4375,9.739583333,0.728947917,83.5625,22,38,10,9,0.73,70,0
Guilin,2015,6,2015/6/28,221,96,125,73,105,3,40,35,18,17,19,15,1,0,49,24,25,16,5,1,27,6,4,2,4,1,1,0,13,6,7,5,7,1,0,11,2,13,0,19,1,31.6,28.9,35.8,65,22.82291667,40.05208333,17.22916666,9.854166667,9.8125,0.7236875,91.77419355,22,39,9,9,0.72,77,0
Guilin,2015,6,2015/6/29,476,236,240,163,254,10,49,65,40,25,38,27,0,0,82,50,32,35,23,3,21,14,12,2,12,2,0,0,29,19,10,19,10,0,0,22,7,17,2,23,3,31.3,29.2,34.9,65,21.76086957,40.75,18.98913043,9.597826087,10.47252747,0.720913043,88.41935484,21,40,9,10,0.72,78,0
Guilin,2015,6,2015/6/30,383,170,213,108,207,10,58,54,41,13,32,20,0,2,72,41,31,27,20,2,23,11,8,3,8,3,0,0,29,22,7,17,11,0,1,26,3,7,0,33,3,31.5,29.6,34.9,66,NA,NA,NA,NA,NA,NA,NA,25,47,12,10,0.77,82,0
Guilin,2015,7,2015/7/1,370,171,199,126,183,9,52,48,27,21,30,18,0,0,59,34,25,21,13,3,22,12,6,6,8,3,1,0,17,5,12,13,4,0,0,17,0,14,2,17,2,31.1,29.6,33.7,68,32,54.7173913,22.7173913,12.66304348,13.35869565,0.834032609,102.6785714,31,54,12,12,0.83,77,0
Guilin,2015,7,2015/7/2,331,170,161,109,176,11,35,50,30,20,28,22,0,0,65,43,22,25,17,4,19,14,11,3,10,3,0,1,15,7,8,10,5,0,0,14,1,18,0,23,0,27.5,24.7,32,92,32.5625,51.2375,18.675,21.73958333,19.68421053,0.94659375,59.125,35,52,22,18,0.94,49,0
Guilin,2015,7,2015/7/3,309,150,159,113,149,9,38,50,25,25,28,22,0,0,68,42,26,33,12,3,20,15,8,7,13,2,0,0,23,14,9,14,9,0,0,22,1,15,1,25,4,26.5,25.2,28.1,95,32.27173913,45.58823529,13.31649616,35.68478261,22.43478261,1.003673913,48.15625,32,45,35,22,1.01,40,0
Guilin,2015,7,2015/7/4,228,101,127,74,119,3,32,37,17,20,26,10,0,1,40,19,21,15,10,0,15,8,5,3,6,2,0,0,13,9,4,9,3,0,1,9,4,12,1,14,1,24.4,23.2,27.3,87,18.27083333,27.89873418,9.62790085,16.39583333,13.41666667,0.942145833,82.65625,17,25,16,12,0.94,64,0
Guilin,2015,7,2015/7/5,222,107,115,70,113,7,32,37,22,15,20,15,2,0,49,27,22,23,10,1,15,15,10,5,11,4,0,0,16,10,6,9,7,0,0,13,3,9,0,18,3,22.7,21.7,24.6,80,23.69791667,29.61904762,5.92113095,12.5625,10.79166667,0.763333333,102.21875,23,28,12,10,0.76,97,0
Guilin,2015,7,2015/7/6,467,202,265,171,241,5,50,90,39,51,60,30,0,0,58,32,26,22,18,3,15,8,5,3,5,2,0,1,42,19,23,30,12,0,0,39,3,28,0,18,2,23.8,22.2,26.5,75,37.02083333,43.86585366,6.84502033,13.15625,11.44791667,0.76853125,94.59375,36,44,12,11,0.77,90,0
Guilin,2015,7,2015/7/7,361,170,191,136,181,10,34,63,28,35,38,24,1,0,62,32,30,25,20,3,14,11,7,4,10,1,0,0,23,11,12,15,8,0,0,21,2,16,2,20,4,25.3,21.8,29.8,63,36.86458333,47.62105263,10.7564693,19.98958333,13.36458333,0.693197917,128.875,36,47,19,12,0.69,101,0
Guilin,2015,7,2015/7/8,376,202,174,138,182,17,39,58,37,21,43,15,0,0,57,40,17,21,18,9,9,9,6,3,5,4,0,0,25,18,7,20,5,0,0,24,1,18,1,15,1,24.7,21.6,28,67,36.44565217,45.41758242,8.97193025,18.7826087,12.58695652,0.749901099,115.21875,35,44,18,11,0.75,101,0
Guilin,2015,7,2015/7/9,315,162,153,96,154,23,42,45,32,13,27,18,0,0,52,34,18,19,6,7,20,7,4,3,6,1,0,0,19,14,5,13,6,0,0,17,2,15,2,25,4,25.4,24,27.5,70,62.21052632,73.69892473,11.48839841,15.6,13.45263158,0.817494737,120.375,61,73,15,13,0.82,110,0
Guilin,2015,7,2015/7/10,317,157,160,113,160,13,31,56,38,18,32,23,1,0,46,23,23,20,11,3,12,7,4,3,4,3,0,0,31,24,7,16,15,0,0,26,5,11,3,20,1,25.1,23.6,26.2,78,33.70833333,43.45348837,9.74515504,15.88541667,13.60416667,0.837520833,59.5625,33,43,15,13,0.84,67,0
Guilin,2015,7,2015/7/11,231,107,124,74,129,7,21,41,22,19,24,17,0,0,34,18,16,13,8,3,10,3,2,1,3,0,0,0,20,10,10,13,7,0,0,18,2,8,1,12,2,28.7,24.3,33.4,69,38.3125,50.56666667,12.25416667,17.07291667,13.54166667,0.781666667,83.34375,37,49,16,13,0.78,59,0
Guilin,2015,7,2015/7/12,246,124,122,82,119,14,31,44,25,19,29,15,0,0,41,24,17,16,10,2,13,6,3,3,4,2,0,0,19,10,9,13,6,0,0,17,2,11,1,15,1,30.1,24.8,35.5,67,49.07291667,69.46236559,20.38944892,26.1875,17.31914894,0.848895833,113.71875,48,68,25,16,0.85,71,0
Guilin,2015,7,2015/7/13,492,255,237,173,245,29,45,81,47,34,48,32,0,1,62,36,26,21,19,5,17,9,6,3,5,4,0,0,41,19,22,25,15,0,1,35,6,21,0,21,3,30.9,25.8,37.4,68,51.05208333,77.68817204,26.63608871,22.78125,17.875,0.889697917,124.59375,50,77,22,17,0.89,73,0
Guilin,2015,7,2015/7/14,378,187,191,119,187,27,45,67,42,25,43,24,0,0,53,33,20,26,10,5,12,10,8,2,9,1,0,0,29,19,10,19,10,0,0,27,2,19,0,18,3,31.3,26.6,36.6,67,48.09677419,74.6744186,26.57764441,22.69892473,14.94623656,0.865709677,114.4482759,47,73,21,14,0.87,67,0
Guilin,2015,7,2015/7/15,348,171,177,101,178,20,49,56,24,32,29,27,0,0,44,27,17,14,9,3,18,3,3,0,3,0,0,0,22,8,14,13,9,0,0,21,1,13,0,22,6,30.4,26.9,34,72,46.90625,73.75789474,26.85164474,20.71875,16.52083333,0.96565625,97.5625,46,73,21,16,0.97,57,0
Guilin,2015,7,2015/7/16,309,151,158,80,165,12,52,44,23,21,24,19,1,0,50,29,21,14,12,2,22,13,10,3,9,4,0,0,15,5,10,10,5,0,0,13,2,11,0,18,3,27.4,25.7,31.9,85,26.90625,46.73076923,19.82451923,14.59375,15.05208333,0.967604167,77.09375,28,46,14,13,0.98,73,0
Guilin,2015,7,2015/7/17,316,155,161,110,174,9,23,57,35,22,34,23,0,0,39,22,17,16,9,3,11,5,4,1,5,0,0,0,27,19,8,15,12,0,0,25,2,12,0,16,0,27.7,25,32.7,68,41.91666667,53.89873418,11.98206751,14.0625,11.48958333,1.020041667,134.9375,40,50,13,10,1.01,115,0
Guilin,2015,7,2015/7/18,231,119,112,68,127,7,29,39,23,16,23,16,0,0,41,25,16,12,13,2,14,8,6,2,4,4,0,0,19,11,8,13,6,0,0,14,5,8,1,20,0,28.3,24.3,33.2,65,46.73958333,62.93406593,16.1944826,17.98958333,12.15625,1.066604167,132.53125,45,60,16,10,1.05,119,0
Guilin,2015,7,2015/7/19,232,113,119,70,124,10,28,40,28,12,21,19,0,0,36,28,8,11,9,0,16,3,3,0,3,0,0,0,19,13,6,10,9,0,0,16,3,11,1,18,2,27.5,24.7,32.2,71,47.0625,63.88172043,16.81922043,21.13541667,14.30208333,1.07475,110.9375,45,62,20,13,1.07,95,0
Guilin,2015,7,2015/7/20,440,224,216,141,229,26,44,64,40,24,36,26,2,0,58,36,22,16,20,6,16,8,6,2,6,2,0,0,28,15,13,19,9,0,0,24,4,15,2,19,2,29.8,26.1,35.7,67,57.85416667,80.06315789,22.20899122,21.77083333,13.39583333,1.133833333,124.5625,58,81,22,13,1.14,97,0
Guilin,2015,7,2015/7/21,360,171,189,114,197,15,34,53,29,24,30,21,2,0,45,26,19,13,12,4,16,7,7,0,5,1,0,1,25,13,12,18,7,0,0,22,3,15,2,16,0,29.4,25.6,35.6,76,65.90625,90.41489362,24.50864362,25.59375,15.55208333,1.194,146.21875,60,84,15,13,1.17,111,0
Guilin,2015,7,2015/7/22,346,163,183,118,179,13,36,58,36,22,33,25,0,0,46,29,17,15,16,2,13,10,9,1,8,2,0,0,27,18,9,16,11,0,0,25,2,14,1,13,1,28.4,25.7,33,84,23.8125,39.31111111,15.49861111,13.42708333,10.6875,0.875885417,60.34375,23,38,13,10,0.87,52,0
Guilin,2015,7,2015/7/23,371,173,198,111,202,16,42,62,34,28,39,23,0,0,41,22,19,15,14,2,10,8,4,4,6,2,0,0,24,11,13,15,9,0,0,23,1,17,0,17,1,26.4,24.6,29.5,88,10.59375,20.83146067,10.23771067,9.635416667,11.25,0.697520833,54.09375,10,20,9,10,0.7,44,0
Guilin,2015,7,2015/7/24,330,145,185,93,199,13,25,63,36,27,33,29,1,0,40,23,17,9,16,3,12,6,4,2,3,3,0,0,32,17,15,18,14,0,0,30,2,12,1,16,2,25.9,24.5,28.4,91,12.91666667,21.94936709,9.03270042,13.32978723,11.32291667,0.879489583,58.90322581,12,20,12,10,0.88,44,0
Guilin,2015,7,2015/7/25,274,122,152,85,146,7,36,42,24,18,27,15,0,0,32,21,11,7,8,3,14,5,4,1,4,1,0,0,18,10,8,12,6,0,0,13,5,11,0,13,1,25.5,24.2,31,93,19.1875,33.64615385,14.45865385,22.79787234,16.89772727,1.11109375,72.41935484,18,27,21,15,1.11,47,0
Guilin,2015,7,2015/7/26,257,117,140,69,142,9,37,43,25,18,27,16,0,0,31,18,13,9,11,1,10,5,4,1,4,1,0,0,20,14,6,15,5,0,0,17,3,13,1,12,2,25.3,23.9,28.3,96,11.375,20.21176471,8.83676471,11.14583333,15.59036145,1.0333125,38.34375,10,19,10,13,1.03,34,0
Guilin,2015,7,2015/7/27,526,263,263,141,319,24,42,77,41,36,39,37,1,0,46,29,17,12,21,4,9,13,10,3,6,5,0,2,36,18,18,17,19,0,0,32,4,21,0,11,2,26.5,24.3,30.4,88,13.19565217,27.35714286,14.16149069,13.91304348,13.80519481,0.948369565,47.96875,12,26,13,11,0.95,29,0
Guilin,2015,7,2015/7/28,394,213,181,117,212,13,52,67,39,28,38,29,0,0,42,28,14,8,14,1,19,9,7,2,7,1,1,0,31,20,11,20,11,0,0,27,4,15,1,13,2,26.9,23.5,31,81,14.55208333,32.07526882,17.52318549,13.625,12.03333333,0.923958333,52.375,14,31,13,11,0.92,32,0
Guilin,2015,7,2015/7/29,425,177,248,116,240,22,47,78,38,40,37,41,0,0,53,28,25,19,14,5,15,13,6,7,10,3,0,0,28,15,13,13,15,0,0,27,1,21,0,16,2,26.9,23.2,30.5,78,14.98913043,31.50549451,16.51636408,14.0326087,11.58695652,0.792793478,51.21875,14,29,13,10,0.79,34,0
Guilin,2015,7,2015/7/30,355,178,177,103,199,11,42,61,38,23,33,28,0,0,41,32,9,19,12,2,8,4,3,1,2,2,0,0,26,18,8,14,12,0,0,24,2,13,1,14,1,27.2,23.8,31.8,78,NA,NA,NA,NA,NA,NA,NA,14,30,14,10,0.69,36,0
Guilin,2015,7,2015/7/31,373,172,201,115,209,11,38,59,32,27,38,21,0,0,36,19,17,19,8,2,7,8,5,3,6,1,0,1,28,15,13,20,8,0,0,23,5,15,1,11,2,28.1,24.9,31.9,72,NA,NA,NA,NA,NA,NA,NA,14,32,13,11,0.7,37,0
Guilin,2015,8,2015/8/1,262,126,136,66,152,12,32,32,17,15,15,17,0,0,29,19,10,6,7,4,12,6,3,3,3,2,0,1,12,7,5,6,6,0,0,9,3,9,0,6,2,28.7,25,32.6,70,14.23958333,30.23655914,15.99697581,12.875,10.95555556,0.715895833,56.4375,14,29,12,10,0.72,38,0
Guilin,2015,8,2015/8/2,270,132,138,79,144,13,34,34,22,12,23,11,0,0,37,24,13,15,5,4,13,5,4,1,4,1,0,0,18,11,7,12,6,0,0,15,3,7,1,14,2,28.7,25.5,32.6,71,22.91304348,47.64444444,24.73140096,15.4673913,15.77173913,0.815913043,68.42857143,22,46,14,15,0.81,37,0
Guilin,2015,8,2015/8/3,534,259,275,154,301,33,46,87,58,29,47,39,0,1,51,33,18,18,15,6,12,7,3,4,1,5,0,1,37,23,14,22,15,0,0,34,3,17,4,16,3,28.5,25.6,32.2,74,22.79166667,44.26595745,21.47429078,15.60416667,13.68421053,0.820104167,51.96875,22,43,15,13,0.82,32,0
Guilin,2015,8,2015/8/4,407,198,209,93,237,26,51,58,36,22,26,31,1,0,49,30,19,14,19,3,13,8,7,1,5,3,0,0,22,15,7,13,9,0,0,22,0,14,1,18,3,27.9,25.1,31.6,73,18.14130435,31.65116279,13.50985844,9.652173913,11.39325843,0.791315217,50.46428571,17,30,9,10,0.79,37,0
Guilin,2015,8,2015/8/5,422,198,224,123,235,20,44,68,38,30,47,21,0,0,34,26,8,15,7,4,8,5,5,0,3,2,0,0,35,18,17,25,10,0,0,33,2,18,0,14,3,28,24.6,32.8,73,26.72916667,48.05263158,21.32346491,24.59375,14.875,0.727302083,57.875,26,47,24,14,0.73,32,0
Guilin,2015,8,2015/8/6,368,192,176,110,206,15,37,53,33,20,29,24,0,0,39,27,12,15,15,3,6,11,8,3,9,2,0,0,28,18,10,18,10,0,0,23,5,15,1,10,3,29.4,24.8,35.8,69,26.42708333,54.93684211,28.50975878,23.5,18.375,0.688126316,104.8125,26,54,23,18,0.68,54,0
Guilin,2015,8,2015/8/7,336,151,185,93,203,8,32,54,23,31,28,26,0,0,35,24,11,12,10,3,10,8,7,1,6,2,0,0,20,9,11,14,6,0,0,19,1,13,0,16,2,29.7,25,37.6,64,37.20833333,64.42708333,27.21875,32.46875,17.88541667,0.70978125,119.34375,36,63,32,17,0.71,69,0
Guilin,2015,8,2015/8/8,275,133,142,79,144,5,47,43,24,19,27,16,0,0,39,27,12,13,5,2,19,4,2,2,2,0,1,1,18,11,7,10,8,0,0,16,2,13,1,12,7,30.3,26.8,35.6,62,42.20833333,59.14893617,16.94060284,21.52083333,15.16129032,0.789947917,118.375,41,58,21,14,0.79,89,0
Guilin,2015,8,2015/8/9,256,120,136,77,128,8,43,43,29,14,29,14,0,0,41,26,15,13,9,3,16,5,4,1,4,1,0,0,17,12,5,11,6,0,0,15,2,13,1,17,0,30.3,27,35.7,62,37.5625,58.32608696,20.76358696,28.57291667,16.97916667,0.803833333,95.375,37,58,28,16,0.8,73,0
Guilin,2015,8,2015/8/10,540,275,265,165,294,25,56,80,45,35,46,33,0,1,52,30,22,10,25,6,11,5,4,1,4,1,0,0,36,16,20,28,7,0,1,35,1,22,0,13,1,30.3,26.6,34.7,63,28.04545455,51.03947368,22.99401913,32.42045455,17.74025974,0.828795181,82.5,27,49,31,15,0.82,57,0
Guilin,2015,8,2015/8/11,432,213,219,107,248,27,50,71,44,27,37,33,0,1,40,23,17,14,13,3,10,12,10,2,10,2,0,0,29,14,15,16,12,0,1,26,3,20,3,10,4,29.5,26,34.9,63,27.80434783,47.48837209,19.68402426,25.89130435,15.80898876,0.789902174,72.10714286,27,46,27,14,0.78,54,0
Guilin,2015,8,2015/8/12,410,204,206,119,223,17,51,60,43,17,38,20,2,0,58,35,23,17,19,4,18,13,7,6,9,2,0,2,22,15,7,15,7,0,0,18,4,20,1,15,4,30.2,25.3,34.8,67,34.97916667,59.58333333,24.60416666,25.58333333,17.52083333,0.809395833,98.75,34,59,23,16,0.8,63,0
Guilin,2015,8,2015/8/13,385,199,186,118,193,12,62,53,31,22,33,20,0,0,59,40,19,23,14,2,20,16,7,9,13,2,0,1,22,16,6,14,8,0,0,15,7,9,0,13,0,26.4,24.7,31.5,92,23.30526316,40.52439024,17.21912708,12.14736842,18.69473684,0.800347368,67,22,38,11,19,0.81,50,0
Guilin,2015,8,2015/8/14,369,160,209,96,213,14,46,60,30,30,37,23,0,0,43,26,17,13,13,5,12,6,5,1,4,2,0,0,22,10,12,15,7,0,0,21,1,15,1,15,3,26.4,24.2,32.1,92,20.73958333,35.27848101,14.53889768,10.60416667,18.27380952,0.703145833,73.40625,20,32,10,15,0.7,47,0
Guilin,2015,8,2015/8/15,262,117,145,71,155,3,33,45,29,16,25,20,0,0,27,15,12,7,9,0,11,5,3,2,1,3,0,1,17,11,6,9,8,0,0,13,4,19,1,13,5,27.8,25.5,32.1,88,17.81521739,30,12.18478261,9.97826087,15.76,0.675021739,75.375,17,29,9,14,0.68,50,0
Guilin,2015,8,2015/8/16,266,119,147,76,140,9,41,48,22,26,36,12,0,0,33,21,12,10,12,3,8,10,7,3,5,4,0,1,23,13,10,16,7,0,0,21,2,18,2,5,3,25.7,24.3,29.1,95,14.67391304,26.97727273,12.30335969,12.54347826,17.17582418,0.677826087,48.64285714,14,26,11,16,0.68,40,0
Guilin,2015,8,2015/8/17,513,266,247,143,299,29,42,83,45,38,48,34,1,0,58,42,16,16,23,6,13,13,12,1,9,3,1,0,35,15,20,26,9,0,0,31,4,18,2,19,2,25.1,24.2,29.5,99,23.60416667,42.49367089,18.88950422,15.66666667,20.77083333,0.783,47.1875,23,36,15,20,0.78,34,0
Guilin,2015,8,2015/8/18,426,198,228,117,238,26,45,83,38,45,51,29,3,0,36,18,18,11,14,5,6,9,6,3,5,3,1,0,38,11,27,25,13,0,0,31,7,20,2,11,0,27.4,24.1,33.2,90,23.95789474,44.29473684,20.3368421,13.44210526,20.12222222,0.789431579,75.48387097,23,44,13,18,0.79,42,0
Guilin,2015,8,2015/8/19,388,193,195,102,235,17,34,66,44,22,36,29,1,0,29,22,7,9,12,1,7,4,4,0,3,1,0,0,32,24,8,22,10,0,0,28,4,12,1,10,0,28.8,25.9,33.6,86,28.20212766,46.4,18.19787234,12.45744681,16.63043478,0.800808511,78.03333333,27,45,11,15,0.79,49,0
Guilin,2015,8,2015/8/20,411,191,220,110,232,18,51,70,47,23,34,34,2,0,45,21,24,14,15,5,11,7,4,3,5,1,0,1,23,13,10,13,10,0,0,21,2,19,0,15,3,26.6,23.6,30.9,83,23.5,34.92753623,11.42753623,11.89130435,13.83695652,0.850619565,89.46875,22,29,11,13,0.85,71,0
Guilin,2015,8,2015/8/21,380,176,204,124,198,10,48,73,47,26,46,27,0,0,41,30,11,18,8,0,15,9,6,3,9,0,0,0,35,21,14,23,12,0,0,31,4,21,2,7,4,27.8,23.5,33.4,71,44.97826087,62.4,17.42173913,22.02173913,15.81521739,0.842902174,128.78125,44,61,22,15,0.84,88,0
Guilin,2015,8,2015/8/22,270,138,132,87,132,7,44,38,21,17,25,13,0,0,46,32,14,15,12,2,17,5,4,1,2,3,0,0,17,9,8,12,5,0,0,14,3,11,0,18,1,28.8,24.6,33.8,63,58.1875,79.11458333,20.92708333,25.42708333,17.42708333,0.768854167,143.375,58,79,25,17,0.78,102,0
Guilin,2015,8,2015/8/23,235,107,128,70,123,5,37,41,27,14,24,17,0,0,33,18,15,10,8,1,14,3,0,3,3,0,0,0,21,15,6,14,7,0,0,16,5,10,0,14,5,28.5,23.4,34,59,56.13541667,80.22916667,24.09375,31.15625,22.14583333,0.746354167,160.96875,55,79,30,21,0.75,104,0
Guilin,2015,8,2015/8/24,474,213,261,146,260,10,58,68,38,30,35,33,0,0,44,24,20,20,15,2,7,12,9,3,8,3,0,1,27,18,9,17,10,0,0,23,4,15,0,10,1,28.4,23,34.7,56,50.59375,73.10638298,22.51263298,33.0625,22.28125,0.719270833,150.53125,50,73,32,22,0.72,107,0
Guilin,2015,8,2015/8/25,421,200,221,127,236,24,34,68,44,24,33,33,2,0,35,21,14,11,11,2,11,6,5,1,5,1,0,0,28,20,8,16,12,0,0,22,6,15,1,10,5,29,25.4,33.1,59,66.82954545,86.50574713,19.67620168,23.40909091,17.31818182,0.799284091,152.5625,66,86,23,16,0.8,132,0
Guilin,2015,8,2015/8/26,330,159,171,108,181,6,35,56,35,21,35,21,0,0,37,25,12,12,13,0,12,7,7,0,4,3,0,0,30,20,10,22,8,0,0,25,5,15,1,9,1,26.4,24.7,29.4,69,67.57291667,80.76136364,13.18844697,19.95833333,17.38541667,0.83771875,118.0967742,66,79,19,17,0.84,108,0
Guilin,2015,8,2015/8/27,277,130,147,78,153,8,38,44,30,14,25,17,1,1,32,18,14,7,10,2,13,3,1,2,3,0,0,0,14,9,5,6,7,1,0,11,3,12,1,10,2,24.8,23.4,27.6,79,61.21875,76.41176471,15.19301471,21.60416667,19.28125,0.81215625,88.125,59,73,22,16,0.78,79,0
Guilin,2015,8,2015/8/28,317,147,170,102,168,7,40,56,31,25,34,21,0,1,42,26,16,12,12,1,17,8,5,3,6,1,0,1,15,7,8,10,5,0,0,13,2,21,0,18,1,23.3,22.7,24.9,95,31.54166667,41.69230769,10.15064102,14.1875,17.16666667,0.894031579,65.1,32,40,14,16,0.89,68,0
Guilin,2015,8,2015/8/29,272,125,147,72,166,4,30,35,24,11,15,20,0,0,24,16,8,11,8,0,5,3,2,1,2,1,0,0,14,9,5,5,9,0,0,10,4,7,1,9,0,23,22,24.9,97,17.28125,21.10666667,3.82541667,13.46875,13.9375,0.828020833,69.64516129,16,20,13,13,0.83,65,0
Guilin,2015,8,2015/8/30,251,103,148,68,145,5,33,38,21,17,17,21,0,0,29,17,12,13,5,1,10,9,6,3,8,1,0,0,15,8,7,7,8,0,0,9,6,7,0,12,0,24.3,22.3,27.1,90,39.5,44.5,5,14.85714286,9.678571429,0.9215,NA,34,42,13,14,0.92,60,0
Guilin,2015,8,2015/8/31,486,235,251,147,276,6,57,68,41,27,41,26,1,0,45,25,20,12,21,1,11,6,4,2,3,2,0,1,23,14,9,17,6,0,0,23,0,19,0,14,1,25.4,22.8,29.2,88,NA,NA,NA,NA,NA,NA,NA,37,57,18,18,0.92,47,0
Guilin,2015,9,2015/9/1,390,185,205,128,206,10,46,70,37,33,43,26,1,0,38,27,11,14,9,1,14,7,5,2,4,3,0,0,30,17,13,18,12,0,0,23,7,12,2,9,2,26.5,24.3,30.2,86,48.68888889,69.33333333,20.64444444,15.42696629,19.47777778,0.999688889,77.25806452,47,66,14,18,0.99,48,0
Guilin,2015,9,2015/9/2,320,155,165,96,182,7,35,55,36,19,30,24,1,0,44,28,16,13,15,2,14,8,5,3,5,3,0,0,24,17,7,14,10,0,0,15,9,13,2,16,4,26.6,24.5,30.9,85,24.77011494,37.38157895,12.61146401,13.10344828,15.12643678,0.800448276,58.84375,24,36,12,14,0.8,38,0
Guilin,2015,9,2015/9/3,266,120,146,73,149,4,40,48,25,23,27,21,0,0,28,14,14,9,10,0,9,6,1,5,4,2,0,0,26,15,11,13,13,0,0,21,5,7,0,6,1,25,23.6,29.9,98,10.68131868,19.44,8.75868132,10.64130435,14.74725275,0.690365591,42.77419355,10,17,10,14,0.69,28,0
Guilin,2015,9,2015/9/4,276,134,142,78,158,4,36,32,22,10,18,14,0,0,32,21,11,11,11,2,8,5,4,1,4,1,0,0,9,5,4,7,2,0,0,7,2,15,1,9,2,26.6,23.6,31.1,91,21.58333333,34.22826087,12.64492754,19.47916667,22.4787234,0.831520833,39.5625,21,33,19,21,0.83,21,0
Guilin,2015,9,2015/9/5,257,113,144,69,143,4,41,39,21,18,25,13,1,0,28,17,11,9,12,0,7,5,4,1,3,1,0,1,16,8,8,8,8,0,0,12,4,9,1,8,0,27.3,25.1,31.6,91,20.23958333,36.94791667,16.70833334,10.98958333,16.58333333,0.82665625,52.4375,19,36,10,16,0.83,27,0
Guilin,2015,9,2015/9/6,426,217,209,122,251,12,41,68,42,26,33,34,1,0,48,34,14,15,17,2,14,9,7,2,5,4,0,0,32,22,10,21,11,0,0,30,2,17,0,12,4,27.5,26,30.9,91,30.01086957,53.20454545,23.19367588,14.26086957,16.76086957,0.863630435,42.4375,29,52,14,16,0.87,27,0
Guilin,2015,9,2015/9/7,478,222,256,131,300,5,42,73,37,36,37,35,1,0,39,20,19,10,18,0,11,4,4,0,3,1,0,0,25,14,11,13,12,0,0,21,4,21,0,13,3,25.9,23,29.8,84,30.10416667,51.51612903,21.41196236,15.10416667,15.57291667,0.893208333,73.65625,29,50,14,15,0.89,57,0
Guilin,2015,9,2015/9/8,431,231,200,138,245,9,39,80,57,23,53,27,0,0,47,25,22,17,22,2,6,12,8,4,8,4,0,0,37,27,10,27,10,0,0,34,3,20,0,11,1,26.3,25,29.8,85,63.76041667,89.40860215,25.64818548,18.07291667,19.27083333,1.170604167,81.25,64,89,17,19,1.18,54,0
Guilin,2015,9,2015/9/9,364,156,208,119,202,5,38,65,37,28,37,27,1,0,34,20,14,10,17,1,6,8,5,3,6,2,0,0,29,16,13,15,14,0,0,27,2,20,0,3,1,27,24.9,30.5,78,70.92708333,101.3854167,30.45833337,22.23958333,24.79166667,1.255145833,105.71875,70,101,21,23,1.25,67,0
Guilin,2015,9,2015/9/10,374,174,200,105,218,8,43,61,33,28,34,26,1,0,37,22,15,13,10,0,14,8,5,3,6,1,0,1,27,14,13,19,8,0,0,26,1,16,1,19,2,27.7,25,31,75,73.86956522,104,30.13043478,25.25,24.90217391,1.215380435,99.25,73,102,24,23,1.21,65,0
Guilin,2015,9,2015/9/11,352,169,183,121,173,9,49,54,33,21,34,19,0,1,42,28,14,16,10,1,15,8,5,3,6,2,0,0,22,15,7,14,7,0,1,15,7,16,3,12,5,26.8,23.2,31.8,78,77.98958333,105.9111111,27.92152777,31.62105263,26.06315789,1.207583333,102.6875,76,104,32,24,1.2,56,0
Guilin,2015,9,2015/9/12,257,131,126,74,140,3,40,36,15,21,24,11,0,1,32,22,10,14,6,1,11,5,3,2,4,1,0,0,16,8,8,12,4,0,0,14,2,6,0,11,1,24,21.5,28.3,73,56.30588235,71.61728395,15.3114016,20.28235294,14.09411765,1.001917647,94.44444444,54,71,18,13,1.01,91,0
Guilin,2015,9,2015/9/13,267,131,136,75,149,6,37,47,30,17,29,17,1,0,37,23,14,11,14,2,10,5,3,2,3,2,0,0,15,10,5,10,5,0,0,11,4,9,1,15,3,23.3,21.2,25.5,64,45.16666667,55.44565217,10.2789855,18.4375,15.92222222,0.9099375,89.125,45,55,18,15,0.92,81,0
Guilin,2015,9,2015/9/14,496,250,246,133,303,13,47,65,45,20,30,35,0,0,50,33,17,16,23,1,10,10,8,2,4,5,0,1,27,22,5,13,14,0,0,21,6,13,0,12,1,25.1,22.5,29.4,55,49.1875,65.03157895,15.84407895,24.8125,18.17708333,0.965458333,118.15625,48,64,24,17,0.97,93,0
Guilin,2015,9,2015/9/15,419,201,218,132,235,7,45,62,34,28,37,25,0,0,50,34,16,19,10,3,18,10,7,3,7,1,1,1,23,15,8,16,7,0,0,20,3,13,0,22,1,25.6,21.3,31.2,47,51.48958333,68.91397849,17.42439516,27.9375,17.70833333,0.95265625,146.1875,51,68,27,17,0.95,111,0
Guilin,2015,9,2015/9/16,384,183,201,125,208,6,45,60,30,30,36,24,0,0,45,25,20,18,13,1,13,11,8,3,11,0,0,0,24,13,11,16,8,0,0,21,3,18,1,13,0,26.5,22.5,32,56,80.58695652,92.71764706,12.13069054,28.22826087,17.17391304,1.055554348,160.0357143,80,92,27,16,1.06,126,0
Guilin,2015,9,2015/9/17,367,159,208,134,181,9,43,76,39,37,53,23,0,0,42,23,19,17,16,2,7,6,4,2,4,1,0,1,25,12,13,17,8,0,0,24,1,26,3,10,4,27,23.3,31.5,60,88.04166667,103.9673913,15.92572463,33.91578947,22.11578947,1.057106383,141.3,87,104,33,21,1.06,111,0
Guilin,2015,9,2015/9/18,346,164,182,99,190,11,46,48,26,22,25,23,0,0,46,24,22,19,11,2,14,15,8,7,13,2,0,0,18,8,10,11,7,0,0,17,1,12,1,20,3,27.7,24.4,32.1,70,88.71875,113.6956522,24.9769022,26.16666667,21.80208333,1.120114583,126.09375,87,112,25,21,1.11,85,0
Guilin,2015,9,2015/9/19,278,135,143,74,157,6,41,38,21,17,22,16,0,0,39,24,15,13,7,3,16,6,3,3,4,2,0,0,16,9,7,9,7,0,0,13,3,9,1,20,1,28,25.3,32.2,78,52.9,69.74,16.84,28.85,15.58333333,1.04755,52.375,56,72,29,14,1.03,45,0
Guilin,2015,9,2015/9/20,278,129,149,77,142,13,46,43,28,15,25,18,0,0,37,23,14,8,11,4,14,7,4,3,4,3,0,0,18,9,9,11,7,0,0,13,5,14,0,18,3,22.1,21.1,28.3,88,19.75,28.24242424,8.49242424,15.01923077,13.22330097,1.065221154,64.21875,34,46,18,17,1.1,64,0
Guilin,2015,9,2015/9/21,532,216,316,169,297,10,56,86,42,44,49,36,0,1,60,26,34,19,21,4,16,9,2,7,6,3,0,0,33,18,15,24,9,0,0,30,3,22,1,16,3,23.5,21.1,27.1,77,57.33333333,68.71052632,11.37719299,23.91666667,15.40625,1.078,91.1875,56,67,23,14,1.08,72,0
Guilin,2015,9,2015/9/22,396,185,211,131,214,2,49,58,35,23,43,15,0,0,49,33,16,16,15,0,18,14,12,2,7,4,0,3,31,18,13,24,7,0,0,26,5,14,2,19,2,24.7,22.3,28,82,58.85416667,76.05494505,17.20077838,39.66666667,19.58333333,1.199729167,81.90625,58,75,39,19,1.2,60,0
Guilin,2015,9,2015/9/23,401,194,207,130,215,2,54,75,48,27,42,33,0,0,53,33,20,19,16,0,18,15,10,5,10,4,0,1,33,20,13,22,11,0,0,25,8,25,1,17,8,26.1,23.5,30.5,86,40.10416667,58.2375,18.13333333,19.89583333,20.82291667,1.129375,57.84375,39,51,19,20,1.13,29,0
Guilin,2015,9,2015/9/24,327,158,169,104,164,12,47,44,25,19,25,19,0,0,40,25,15,11,11,4,14,8,8,0,5,1,1,1,19,10,9,11,8,0,0,16,3,12,0,16,2,27.2,24.4,31.5,83,31.79347826,53.16666667,21.37318841,22.45652174,18.35955056,0.946336957,50.96428571,31,52,21,17,0.94,26,0
Guilin,2015,9,2015/9/25,314,141,173,73,190,8,43,50,29,21,30,19,0,1,29,19,10,6,11,0,12,5,4,1,3,2,0,0,17,8,9,9,8,0,0,14,3,16,1,12,2,25,21.7,28.5,90,31.51086957,48.89285714,17.38198757,19.72826087,16.69565217,1.060923913,49.375,31,47,19,16,1.06,36,0
Guilin,2015,9,2015/9/26,237,95,142,58,133,5,41,35,20,15,20,15,0,0,26,15,11,10,5,1,10,4,1,3,3,1,0,0,16,10,6,11,5,0,0,13,3,9,1,11,3,22.9,20.7,25.3,86,35.07291667,42.88607595,7.81315928,14.60416667,13.24210526,1.05696875,70.65625,34,41,14,12,1.06,70,0
Guilin,2015,9,2015/9/27,162,74,88,41,86,4,31,22,12,10,9,13,0,0,29,20,9,12,5,2,10,7,6,1,6,1,0,0,8,5,3,3,5,0,0,8,0,3,1,13,1,25.6,22.8,30.5,77,46.27083333,48.45333333,2.1825,18.09375,11.16666667,1.0923125,94.0625,46,47,17,10,1.09,77,0
Guilin,2015,9,2015/9/28,468,244,224,158,249,6,55,70,42,28,39,30,0,1,53,37,16,24,12,0,17,13,8,5,12,1,0,0,24,17,7,15,9,0,0,20,4,22,0,18,2,26.6,22.9,31.4,72,58.30208333,66.73809524,8.43601191,18.625,11.71875,1.020291667,102.03125,57,66,18,11,1.02,81,0
Guilin,2015,9,2015/9/29,370,175,195,110,185,12,63,38,24,14,25,13,0,0,56,36,20,23,16,3,14,15,11,4,9,6,0,0,14,7,7,8,6,0,0,14,0,14,0,20,6,27.3,23.9,32,63,58.95833333,73.72413793,14.7658046,25.34375,14.73958333,0.973364583,126.375,57,73,24,14,0.97,103,0
Guilin,2015,9,2015/9/30,307,129,178,94,169,7,37,45,22,23,32,13,0,0,44,27,17,19,13,2,10,14,12,2,10,4,0,0,18,10,8,13,5,0,0,14,4,14,1,16,3,27.1,25.3,31.4,64,62.95833333,80.83333333,17.875,31.54166667,11.83333333,1.042333333,NA,59,74,23,15,1.04,97,0
Guilin,2015,10,2015/10/1,249,128,121,72,133,5,39,38,25,13,23,15,0,0,28,17,11,8,8,0,12,4,3,1,2,2,0,0,16,10,6,9,7,0,0,14,2,10,1,11,0,24.7,23.3,28.4,70,64.38043478,73.44871795,9.06828317,20.47826087,15.39130435,1.008728261,88,63,73,20,15,1.01,72,1
Guilin,2015,10,2015/10/2,243,122,121,75,123,7,38,34,20,14,21,13,0,0,34,21,13,15,5,0,14,5,3,2,4,1,0,0,15,10,5,8,7,0,0,14,1,9,0,11,0,23.8,19.5,29.4,48,34.26086957,65.07608696,30.81521739,21.7173913,18.41304348,0.786434783,116,33,64,21,18,0.79,81,1
Guilin,2015,10,2015/10/3,247,112,135,79,117,5,46,45,26,19,31,14,0,0,36,24,12,11,6,1,18,6,2,4,6,0,0,0,25,17,8,18,7,0,0,20,5,8,1,14,1,25.5,21.1,31.6,53,47.33333333,70,22.66666667,29.84375,16.79166667,0.861114583,126.53125,46,69,29,16,0.86,100,1
Guilin,2015,10,2015/10/4,262,119,143,54,158,3,47,37,23,14,19,18,0,0,32,22,10,9,7,0,16,6,4,2,5,1,0,0,14,9,5,7,7,0,0,10,4,11,2,14,1,22.5,19.5,27.2,72,63.65217391,81.50649351,17.8543196,17.2826087,14.48913043,0.975826087,114.3571429,63,80,16,14,0.98,118,1
Guilin,2015,10,2015/10/5,273,114,159,83,153,9,28,43,23,20,24,19,0,0,33,23,10,11,8,3,11,10,8,2,7,3,0,0,18,7,11,10,8,0,0,15,3,14,1,12,2,19.5,19,20.2,93,34.875,36.88732394,2.01232394,9.822916667,16.39583333,1.131541667,72.8125,34,38,9,16,1.13,78,1
Guilin,2015,10,2015/10/6,322,132,190,101,163,7,51,54,31,23,33,21,0,0,42,26,16,6,11,0,25,5,5,0,2,2,0,1,17,9,8,10,7,0,0,12,5,13,2,23,1,20.9,19.1,23.6,98,20.25,24.52083333,4.27083333,10,19.56818182,1.263954545,30.57142857,19,22,9,19,1.26,33,1
Guilin,2015,10,2015/10/7,355,155,200,91,210,8,46,58,35,23,32,26,0,0,38,18,20,9,15,3,11,9,3,6,4,5,0,0,24,17,7,18,6,0,0,19,5,16,0,14,3,24.2,20.6,29.7,84,32.06896552,47.24358974,15.17462422,13.28735632,20.63953488,1.233252874,89.16666667,31,43,12,19,1.23,42,1
Guilin,2015,10,2015/10/8,582,277,305,199,326,11,46,99,51,48,55,43,0,1,53,41,12,20,18,1,14,11,9,2,8,3,0,0,34,18,16,21,13,0,0,28,6,24,0,16,3,24.9,22.4,29.6,67,29.04347826,39.97647059,10.93299233,15.13043478,13.5326087,0.864728261,92.375,28,39,14,13,0.86,70,0
Guilin,2015,10,2015/10/9,445,213,232,125,264,9,47,73,39,34,38,34,1,0,39,26,13,12,14,2,11,7,5,2,2,4,1,0,32,19,13,17,14,1,0,23,9,16,1,10,2,21.2,20.2,24.1,71,43.34375,51.43333333,8.08958333,17.875,13.60416667,0.652958333,73.3125,43,51,17,12,0.66,76,0
Guilin,2015,10,2015/10/10,328,146,182,95,185,10,38,54,25,29,31,23,0,0,37,26,11,15,6,4,12,7,5,2,5,2,0,0,20,11,9,12,8,0,0,17,3,13,0,13,1,18.4,17.6,20.2,87,39.8125,47.95890411,8.14640411,16.66666667,17.6875,0.654510417,57.25,39,47,16,18,0.66,54,0
Guilin,2015,10,2015/10/11,287,128,159,88,162,6,31,46,28,18,30,15,1,0,35,24,11,17,9,2,7,8,6,2,7,1,0,0,20,13,7,15,5,0,0,16,4,11,2,10,5,20.1,15.3,26.3,64,33.09375,53.8,20.70625,20.80208333,21,0.616572917,86.34375,32,53,20,20,0.62,57,0
Guilin,2015,10,2015/10/12,550,270,280,198,275,11,66,94,48,46,60,34,0,0,52,35,17,21,13,2,16,10,8,2,9,1,0,0,31,18,13,18,13,0,0,27,4,30,0,14,1,21.3,16.2,27.6,48,42.31521739,64.41304348,22.09782609,30.51086957,23.17391304,0.633304348,113.15625,41,64,30,21,0.63,76,0
Guilin,2015,10,2015/10/13,458,216,242,149,260,5,44,98,55,43,54,44,0,0,48,26,22,16,18,1,13,13,6,7,7,6,0,0,37,19,18,17,20,0,0,30,7,34,0,17,6,22.9,20.2,26.5,46,50.4375,72.92631579,22.48881579,28.89583333,25.5625,0.726802083,121.03125,51,75,28,26,0.74,94,0
Guilin,2015,10,2015/10/14,430,207,223,152,230,7,41,81,45,36,55,26,0,0,42,31,11,16,13,1,12,8,6,2,5,2,0,1,32,18,14,24,8,0,0,26,6,26,2,9,4,23.9,20.8,29,51,66.14583333,89.66666667,23.52083334,31.44791667,25.70833333,0.8174375,132.5625,65,89,31,25,0.82,95,0
Guilin,2015,10,2015/10/15,361,160,201,129,187,14,31,69,38,31,43,26,0,0,38,27,11,13,9,3,13,6,5,1,5,1,0,0,28,15,13,18,10,0,0,26,2,14,0,15,3,23.5,17.5,30.6,56,58.53125,80.73404255,22.20279255,34.86458333,28.90526316,0.805458333,119.65625,58,79,34,27,0.8,74,0
Guilin,2015,10,2015/10/16,395,190,205,140,213,8,34,64,38,26,40,24,0,0,45,27,18,17,9,5,14,8,6,2,5,3,0,0,22,11,11,13,9,0,0,17,5,19,2,13,1,24.2,17.1,31.3,52,53.59375,78.24175824,24.64800824,31.8125,30.04166667,0.839927083,121.6875,53,77,31,29,0.84,76,0
Guilin,2015,10,2015/10/17,284,119,165,103,141,5,35,60,30,30,42,18,0,0,36,19,17,15,7,1,13,6,4,2,4,2,0,0,28,13,15,19,9,0,0,21,7,17,0,13,1,24.1,17.4,31,52,59.0326087,82.22988506,23.19727636,32.42391304,27.42391304,0.855423913,132.15625,58,82,32,27,0.86,87,0
Guilin,2015,10,2015/10/18,239,112,127,69,136,6,28,42,22,20,23,19,0,0,34,17,17,6,15,2,11,3,1,2,1,2,0,0,17,9,8,10,7,0,0,12,5,7,0,10,3,23.9,17.4,30.5,53,67.18478261,90.03529412,22.85051151,29.01086957,25.94565217,0.879847826,137.96875,66,90,28,25,0.88,96,0
Guilin,2015,10,2015/10/19,540,263,277,190,284,14,52,102,53,49,63,39,0,0,51,28,23,15,19,2,15,11,8,3,9,2,0,0,38,18,20,26,12,0,0,33,5,24,1,16,1,24.2,19.8,30.1,49,79.375,96.78409091,17.40909091,29,24.05208333,0.963958333,153.59375,79,96,28,23,0.96,117,0
Guilin,2015,10,2015/10/20,434,192,242,118,261,5,50,69,41,28,31,38,0,0,43,34,9,19,11,1,12,4,4,0,3,1,0,0,28,18,10,14,14,0,0,20,8,18,0,15,3,23.4,17.3,30.2,53,77.44791667,100.0804598,22.63254313,34.98958333,25.84375,0.9618125,149.5,77,100,35,25,0.96,108,0
Guilin,2015,10,2015/10/21,412,216,196,135,226,7,44,67,44,23,38,29,0,0,39,27,12,18,5,3,13,8,6,2,8,0,0,0,27,16,11,19,8,0,0,21,6,15,2,18,2,23.3,17.9,29.9,51,81.62105263,102.9775281,21.35647547,35.98947368,26.51578947,1.033168421,160.65625,80,102,35,25,1.02,118,0
Guilin,2015,10,2015/10/22,393,181,212,122,215,6,50,66,32,34,39,27,0,0,46,30,16,20,6,1,19,12,10,2,8,3,0,1,29,15,14,20,9,0,0,28,1,12,0,22,3,23.7,18,30.5,61,81.46875,104.825,23.35625,32.13541667,28.61458333,1.0685,136.6875,81,106,31,28,1.07,96,0
Guilin,2015,10,2015/10/23,370,170,200,107,217,6,40,47,25,22,28,19,0,0,54,35,19,13,17,2,22,8,6,2,5,3,0,0,20,9,11,14,6,0,0,16,4,7,5,15,0,24.6,19.6,30.3,63,80.64130435,108.1666667,27.52536235,28.92391304,29.25,1.09876087,158.8571429,80,110,28,29,1.11,94,0
Guilin,2015,10,2015/10/24,288,135,153,90,143,6,49,56,29,27,31,25,0,0,42,24,18,15,9,1,17,7,6,1,6,1,0,0,23,12,11,12,11,0,0,17,6,19,0,20,4,24.3,19.3,30.7,67,85.67708333,118.48,32.80291667,29.03125,30.98958333,1.147458333,127.15625,84,121,28,30,1.15,78,0
Guilin,2015,10,2015/10/25,283,130,153,84,154,5,40,49,28,21,28,20,0,1,30,17,13,10,5,2,13,1,0,1,1,0,0,0,22,13,9,12,9,0,1,15,7,10,1,14,5,24.5,20.5,30,69,89.42708333,119.695122,30.26803867,32.96875,33,1.17990625,127.3125,90,124,35,33,1.19,67,0
Guilin,2015,10,2015/10/26,548,266,282,180,297,10,61,89,54,35,49,39,1,0,62,35,27,20,17,0,25,11,9,2,9,2,0,0,39,27,12,19,20,0,0,33,6,24,0,22,2,25,21.7,29.7,78,89.46875,118,28.53125,33.54166667,25.9375,1.17803125,111.0625,90,121,34,25,1.18,65,0
Guilin,2015,10,2015/10/27,456,212,244,140,253,16,47,96,55,41,55,41,0,0,48,32,16,14,12,2,20,8,7,1,7,1,0,0,39,24,15,23,16,0,0,31,8,26,1,22,2,22.2,20.3,26.5,71,48.97916667,65.95238095,16.97321428,22.36458333,20.13541667,1.23778125,86.46875,56,80,24,20,1.22,59,0
Guilin,2015,10,2015/10/28,426,197,229,132,240,5,49,73,35,38,42,30,1,0,44,28,16,12,13,0,19,10,7,3,5,5,0,0,24,15,9,10,14,0,0,21,3,25,1,18,4,19.6,18.1,21,82,64.85869565,82.29508197,17.43638632,25.08695652,27.13043478,1.274326087,51.65625,58,70,23,22,1.2,48,0
Guilin,2015,10,2015/10/29,429,193,236,120,243,9,57,73,44,29,43,30,0,0,52,35,17,20,13,0,19,13,10,3,9,4,0,0,29,20,9,18,11,0,0,24,5,19,0,18,5,21.1,19.8,23,92,84.8125,108.9558824,24.1433824,31.5625,33.46875,1.543166667,42,84,109,31,32,1.53,27,0
Guilin,2015,10,2015/10/30,365,165,200,119,206,8,32,67,31,36,49,18,0,0,33,22,11,8,13,1,11,2,2,0,2,0,0,0,32,15,17,26,6,0,0,27,5,13,0,16,4,16.5,14.9,20.9,86,NA,NA,NA,NA,NA,NA,NA,12,15,10,14,1,41,0
Guilin,2015,10,2015/10/31,266,119,147,77,150,6,33,43,26,17,28,15,0,0,37,20,17,14,9,2,12,5,2,3,4,1,0,0,24,16,8,17,7,0,0,17,7,8,1,15,0,14.5,13.7,15.9,97,NA,NA,NA,NA,NA,NA,NA,19,21,10,16,1.15,42,0
Guilin,2015,11,2015/11/1,264,124,140,67,150,8,39,48,22,26,25,23,0,0,32,18,14,13,6,2,11,7,3,4,5,1,0,1,22,10,12,11,11,0,0,15,7,9,0,10,3,13.7,11.6,16.5,78,35.64583333,45.05172414,9.40589081,17.59375,17.76041667,0.87546875,76.78125,35,40,18,18,0.86,69,0
Guilin,2015,11,2015/11/2,561,244,317,169,321,11,60,112,58,54,61,50,0,1,58,34,24,15,22,7,14,15,12,3,9,5,0,1,50,27,23,33,17,0,0,40,10,24,4,18,3,16.7,11.9,22.3,56,42.91666667,57.71910112,14.80243445,27.92708333,22.41666667,0.851802083,96.375,42,59,27,26,0.87,68,0
Guilin,2015,11,2015/11/3,503,260,243,156,277,9,61,97,58,39,59,36,2,0,55,34,21,17,11,1,26,8,7,1,7,1,0,0,40,21,19,24,16,0,0,31,9,25,1,22,4,16.1,14.9,18,72,61.75,75.9047619,14.1547619,31.18478261,32.77173913,1.025206522,66.28125,62,77,29,33,1.04,50,0
Guilin,2015,11,2015/11/4,467,205,262,124,281,12,50,79,44,35,40,39,0,0,52,32,20,13,14,6,19,5,4,1,4,1,0,0,28,17,11,14,14,0,0,22,6,19,0,19,3,17.7,15.5,21.2,78,77.06521739,100.7777778,23.71256041,38.17391304,32.27173913,1.203695652,56.03125,77,101,38,32,1.22,33,0
Guilin,2015,11,2015/11/5,439,202,237,132,239,9,59,75,43,32,39,36,0,0,54,33,21,22,5,2,25,7,7,0,5,0,0,2,26,14,12,15,11,0,0,22,4,18,1,20,5,19.9,15.9,27.2,87,89.80208333,136.0744681,46.27238477,27.73958333,40.07291667,1.684458333,74.15625,91,141,26,41,1.71,29,0
Guilin,2015,11,2015/11/6,444,220,224,139,241,15,49,73,42,31,43,29,1,0,50,39,11,20,9,3,18,10,8,2,8,2,0,0,34,21,13,21,12,1,0,29,5,13,2,16,4,21.3,19.5,25,99,111.9130435,162.7977528,50.8847093,41.64130435,54.52173913,2.004576087,43.3125,112,164,36,54,2.09,19,0
Guilin,2015,11,2015/11/7,336,156,180,102,169,12,53,48,27,21,33,15,0,0,47,30,17,15,6,4,22,8,5,3,8,0,0,0,22,13,9,13,9,0,0,17,5,13,3,19,3,23.3,21.9,28,98,42.64583333,60.93181818,18.28598485,20.29166667,26.35416667,1.211229167,38.6875,40,54,19,27,1.21,22,0
Guilin,2015,11,2015/11/8,280,120,160,80,149,5,46,52,26,26,31,21,0,0,38,24,14,11,9,0,18,6,5,1,5,1,0,0,22,10,12,14,8,0,0,18,4,12,0,16,2,17.4,13.7,23.4,96,21.17708333,42.53488372,21.35780039,13.59375,20.44791667,1.26546875,9.666666667,22,23,13,20,1.29,8,0
Guilin,2015,11,2015/11/9,552,264,288,167,310,12,63,109,59,50,57,51,0,1,54,39,15,15,12,3,24,10,8,2,7,1,0,2,39,26,13,18,20,0,1,26,13,34,0,16,4,15.9,12.9,20.1,75,20.3125,28.5942029,8.2817029,16.5875,18.6875,1.1145375,80.15,19,26,16,18,1.12,46,0
Guilin,2015,11,2015/11/10,464,223,241,128,262,11,63,92,57,35,46,44,2,0,53,29,24,15,15,1,22,13,10,3,9,4,0,0,32,18,14,16,16,0,0,27,5,28,2,16,7,14.6,13.5,16.9,88,30.28571429,35.08510638,4.79939209,14.89010989,20.74725275,1.196472527,44.59375,28,31,13,20,1.2,50,0
Guilin,2015,11,2015/11/11,391,181,210,126,214,4,47,71,35,36,37,34,0,0,39,22,17,14,11,1,13,5,4,1,4,1,0,0,28,12,16,16,12,0,0,21,7,21,1,14,1,13.6,12.9,14.6,96,11.82926829,13.59183673,1.76256844,11.93902439,18.70731707,1.301280488,31.4375,11,12,11,18,1.3,34,0
Guilin,2015,11,2015/11/12,411,190,221,115,229,9,58,60,30,30,37,23,0,0,49,29,20,12,15,1,21,7,5,2,5,2,0,0,27,13,14,16,11,0,0,22,5,12,2,24,0,12.2,11.6,12.9,98,7.385416667,9.549019608,2.163602941,9.40625,16.75,1.270104167,34.5,7,7,9,16,1.27,36,0
Guilin,2015,11,2015/11/13,384,174,210,120,210,5,49,76,46,30,42,34,0,0,40,20,20,13,10,2,15,9,4,5,8,1,0,0,30,20,10,14,16,0,0,21,9,19,0,12,2,13.6,12.2,16.2,85,18.02083333,25.85135135,7.83051802,13.94791667,16.75,1.223395833,41.8125,18,24,13,16,1.22,39,0
Guilin,2015,11,2015/11/14,331,141,190,96,184,8,43,62,35,27,40,22,0,0,37,22,15,11,14,3,9,4,2,2,4,0,0,0,28,16,12,18,10,0,0,20,8,11,2,12,0,15.7,13.2,19,81,35.41666667,46.29268293,10.87601626,22.44791667,19,1.1185,58.5,34,43,22,17,1.11,42,0
Guilin,2015,11,2015/11/15,324,130,194,98,170,6,50,49,23,26,31,18,0,0,41,21,20,14,8,2,17,8,4,4,8,0,0,0,20,11,9,12,8,0,0,14,6,16,2,13,1,16.4,15.3,17.6,95,64.83333333,79.67032967,14.83699634,35.90625,32.4375,1.4624375,16.78125,66,79,35,31,1.47,13,0
Guilin,2015,11,2015/11/16,578,272,306,175,321,14,68,93,48,45,46,47,0,0,67,45,22,22,16,5,24,13,12,1,11,2,0,0,28,15,13,18,10,0,0,26,2,24,2,27,3,17.4,16.5,18.2,99,36,50.45333333,14.45333333,23.05208333,29,1.639635417,12.03333333,35,43,22,28,1.63,8,0
Guilin,2015,11,2015/11/17,457,239,218,133,259,8,57,79,46,33,45,33,1,0,54,38,16,20,15,3,16,12,10,2,10,2,0,0,31,16,15,17,14,0,0,28,3,14,0,17,0,16.9,15.8,18.5,94,12.96875,17.84375,4.875,17.19791667,20.8125,1.270125,18.3,11,13,16,19,1.27,16,0
Guilin,2015,11,2015/11/18,466,229,237,144,246,17,59,74,45,29,45,29,0,0,63,41,22,18,19,3,23,13,10,3,9,3,0,1,35,24,11,24,11,0,0,26,9,18,3,23,3,16.7,16.1,18,85,16.85416667,25.875,9.02083333,18.17708333,18.71875,1.47290625,26.90625,18,25,18,19,1.43,24,0
Guilin,2015,11,2015/11/19,431,201,230,128,231,13,59,82,43,39,48,33,1,0,53,31,22,17,15,2,19,11,7,4,7,4,0,0,29,15,14,18,11,0,0,23,6,21,2,18,4,16.9,15.4,18.8,84,31.13541667,48.57777778,17.44236111,24.38541667,22.63541667,1.730666667,30.9375,26,36,20,16,1.61,27,0
Guilin,2015,11,2015/11/20,396,176,220,122,218,2,54,75,38,37,49,26,0,0,39,25,14,10,14,1,14,15,9,6,6,4,0,5,28,13,15,16,12,0,0,20,8,26,0,10,5,15.6,14.9,17.8,99,19.36458333,25.70689655,6.34231322,14.375,23.5,1.784697917,25.65625,20,23,15,27,1.83,16,0
Guilin,2015,11,2015/11/21,323,146,177,112,157,7,47,68,35,33,43,25,0,0,46,25,21,15,9,3,19,11,7,4,7,4,0,0,27,18,9,18,9,0,0,22,5,22,0,17,7,17.7,14.5,23.1,87,21.72916667,28.5483871,6.81922043,18.26041667,21.52083333,1.49884375,56.6875,21,28,18,21,1.51,34,0
Guilin,2015,11,2015/11/22,278,120,158,82,148,11,37,43,26,17,26,17,0,0,45,34,11,16,10,2,17,11,8,3,9,1,0,1,20,15,5,10,10,0,0,12,8,12,0,16,2,19,17.3,22.8,84,29.25,39.69767442,10.44767442,23.5,21.38541667,1.405770833,47.65625,29,40,23,21,1.42,36,0
Guilin,2015,11,2015/11/23,484,233,251,159,260,11,54,93,52,41,54,39,0,0,67,38,29,21,20,4,22,15,9,6,12,3,0,0,37,19,18,21,16,0,0,33,4,25,0,24,5,19.9,18,23.5,82,29.625,39.12643678,9.50143678,20.80208333,19.75,1.37575,55.3125,29,38,20,18,1.38,37,0
Guilin,2015,11,2015/11/24,439,211,228,143,233,6,57,93,55,38,50,42,0,1,50,33,17,13,9,1,27,8,6,2,7,1,0,0,35,20,15,18,17,0,0,28,7,23,1,19,5,16.9,13.2,19.7,84,26.89247312,33.94318182,7.0507087,20.37634409,23.83870968,1.371645161,15.96875,25,33,19,24,1.37,16,0
Guilin,2015,11,2015/11/25,399,183,216,114,238,9,38,68,34,34,36,32,0,0,39,22,17,12,14,2,11,7,5,2,6,1,0,0,28,17,11,13,15,0,0,20,8,15,1,17,3,8.3,6.5,13.2,76,12.97619048,25.25,12.27380952,13.92857143,17.05952381,0.989761905,37.8,12,22,13,17,0.99,31,0
Guilin,2015,11,2015/11/26,355,166,189,108,187,9,51,63,36,27,41,21,0,1,48,27,21,17,10,1,20,9,5,4,7,2,0,0,21,12,9,17,4,0,0,15,6,19,1,22,3,10.1,7.2,15.4,63,32.28125,43.50588235,11.22463235,21.91666667,16.4375,0.84996875,58.4375,32,44,21,15,0.85,50,0
Guilin,2015,11,2015/11/27,341,163,178,115,171,8,47,73,50,23,48,25,0,0,46,36,10,13,10,1,22,10,9,1,5,5,0,0,29,20,9,21,8,0,0,24,5,11,1,20,1,10.2,8.7,12.2,67,45.26041667,56.84444444,11.58402777,25.64583333,22.25,0.983885417,41.34375,43,54,24,20,0.96,40,0
Guilin,2015,11,2015/11/28,298,144,154,77,166,11,44,63,44,19,32,30,0,1,38,30,8,9,11,3,15,7,5,2,5,2,0,0,24,16,8,12,11,0,1,18,6,17,0,20,5,9.9,9,11.1,88,48.33333333,55.42857143,7.0952381,23.59375,29.26041667,1.1566875,19.5625,46,49,22,28,1.15,23,0
Guilin,2015,11,2015/11/29,287,136,151,84,143,7,53,51,27,24,34,17,0,0,49,34,15,11,8,5,25,8,5,3,5,2,0,1,24,11,13,16,8,0,0,19,5,12,0,22,2,12.4,9.7,17.9,88,24.16666667,35.41558442,11.24891775,17.20833333,21.36458333,1.167677083,42.25,23,33,16,20,1.17,26,0
Guilin,2015,11,2015/11/30,547,261,286,168,303,18,58,94,49,45,49,45,0,0,79,42,37,26,19,6,28,12,7,5,12,0,0,0,33,15,18,21,12,0,0,28,5,20,3,27,3,12.8,10.7,16.7,83,40.66666667,52.76056338,12.09389671,23.0625,20.66666667,1.193979167,47.46875,39,53,22,19,1.19,33,0
Guilin,2015,12,2015/12/1,450,239,211,118,265,9,58,78,50,28,39,38,1,0,70,48,22,21,21,1,27,16,14,2,12,4,0,0,37,22,15,20,16,1,0,31,6,13,5,19,3,12.3,11.8,13.4,93,53.73913043,59.10714286,5.36801243,27.11956522,28.23913043,1.353184783,13.46153846,53,53,27,28,1.37,14,0
Guilin,2015,12,2015/12/2,424,197,227,126,230,9,59,74,41,33,41,33,0,0,64,46,18,19,18,2,25,18,13,5,13,5,0,0,25,15,10,16,9,0,0,23,2,27,0,23,4,12.6,11.9,13.5,82,27.95833333,42.82089552,14.86256219,17.04166667,17.60416667,1.024260417,56.71875,27,31,15,17,1.05,39,0
Guilin,2015,12,2015/12/3,431,222,209,136,222,13,60,75,43,32,44,31,0,0,59,37,22,21,10,4,24,10,4,6,10,0,0,0,25,13,12,16,9,0,0,21,4,24,1,27,7,13.5,11.5,16.7,61,47.13541667,77.53125,30.39583333,25.80208333,21.41666667,0.913708333,62.3125,46,76,25,20,0.91,57,0
Guilin,2015,12,2015/12/4,380,200,180,140,181,13,46,86,58,28,50,35,1,0,46,33,13,16,7,4,19,10,6,4,7,2,1,0,37,24,13,21,15,1,0,25,12,21,0,21,7,10.9,8.9,13.5,78,36.03125,56,19.96875,19.25,20.73958333,0.808885417,59,37,58,20,19,0.81,52,0
Guilin,2015,12,2015/12/5,281,135,146,71,149,13,48,45,28,17,27,18,0,0,35,25,10,11,7,5,12,9,5,4,8,0,0,1,15,9,6,7,8,0,0,9,6,12,0,12,1,8.3,7.8,9.5,94,13.1875,16.37735849,3.18985849,12.22916667,18.22916667,0.836645833,37.34375,13,16,12,18,0.86,34,0
Guilin,2015,12,2015/12/6,303,151,152,88,167,8,40,70,47,23,40,30,0,0,46,29,17,13,11,5,17,9,7,2,6,3,0,0,31,19,12,14,17,0,0,21,10,17,0,24,4,9.4,7.9,12.9,75,17.05681818,22.15151515,5.09469697,15.98863636,12.54545455,0.777556818,50.7,18,23,15,12,0.78,44,0
Guilin,2015,12,2015/12/7,540,259,281,183,287,14,56,92,55,37,58,33,1,0,79,54,25,30,22,3,24,16,13,3,13,3,0,0,36,26,10,24,12,0,0,28,8,28,3,29,8,8.9,8,10.6,70,27.84705882,37.16129032,9.3142315,15.03529412,13.01176471,0.717811765,51.32258065,28,37,14,13,0.73,50,0
Guilin,2015,12,2015/12/8,456,225,231,152,243,7,54,84,51,33,45,39,0,0,60,32,28,21,18,2,19,18,11,7,15,2,0,1,32,16,16,18,14,0,0,22,10,21,4,20,6,8.9,7.9,11.2,75,32.71875,42.93670886,10.21795886,17.84375,18.48958333,0.863,37.4375,32,42,17,20,0.9,34,0
Guilin,2015,12,2015/12/9,446,209,237,129,242,11,64,74,43,31,38,36,0,0,62,40,22,16,13,5,28,11,8,3,9,2,0,0,30,21,9,17,13,0,0,24,6,20,1,31,5,9.3,7.6,11.5,92,24.44791667,27.48275862,3.03484195,17.13541667,22.29166667,0.86815625,20.35483871,24,23,17,23,0.88,18,0
Guilin,2015,12,2015/12/10,424,205,219,142,214,9,59,84,46,38,54,30,0,0,68,39,29,15,17,3,33,12,9,3,7,5,0,0,31,20,11,19,12,0,0,25,6,23,1,32,5,11.5,9.7,14.8,79,37.95833333,47.48780488,9.52947155,20.79166667,17.26041667,0.783510417,40.28125,36,43,19,16,0.77,31,0
Guilin,2015,12,2015/12/11,422,196,226,131,220,10,61,81,45,36,43,38,0,0,77,46,31,27,11,6,33,13,7,6,11,2,0,0,36,21,15,21,15,0,0,29,7,22,0,37,9,10.5,9.9,11.7,71,56.98958333,68.84337349,11.85379016,23.90625,20.9375,0.73796875,48.5,55,67,24,19,0.73,45,0
Guilin,2015,12,2015/12/12,303,150,153,90,162,5,46,57,33,24,33,24,0,0,45,30,15,16,9,4,16,17,9,8,13,4,0,0,27,15,12,17,10,0,0,19,8,11,0,15,2,9.2,8.3,10.1,98,30.98888889,28.45454545,10.97006667,16.64444444,26.83333333,0.943233333,24.80645161,28,26,16,28,0.96,26,0
Guilin,2015,12,2015/12/13,278,151,127,69,150,6,53,59,34,25,32,27,0,0,57,38,19,12,10,4,31,10,7,3,8,1,0,1,17,9,8,7,10,0,0,14,3,21,0,30,3,10.7,9.9,12,90,20.83333333,22.703125,1.86979167,15.75,26.11458333,1.717145833,18.22580645,21,24,15,26,1.74,16,0
Guilin,2015,12,2015/12/14,583,270,313,180,337,11,55,121,71,50,67,54,0,0,73,42,31,16,21,8,28,12,8,4,6,4,0,2,40,25,15,24,16,0,0,32,8,37,1,28,4,10.4,9.1,12.7,80,32.04651163,38.24137931,6.19486768,16.10465116,18.3372093,1.338302326,39.53333333,37,48,15,17,1.19,40,0
Guilin,2015,12,2015/12/15,486,235,251,144,268,12,62,78,46,32,46,32,0,0,77,47,30,19,18,3,37,16,8,8,10,4,1,1,31,18,13,18,13,0,0,20,11,27,2,32,4,9.7,8.6,11.2,72,63.76041667,74.15151515,10.39109848,21.3125,19.91666667,1.098291667,64.375,64,68,21,19,1.09,59,0
Guilin,2015,12,2015/12/16,454,215,239,135,238,15,66,83,48,35,51,29,2,1,58,37,21,17,8,2,31,7,5,2,5,2,0,0,30,18,12,17,12,0,1,24,6,20,2,33,4,10.3,8.6,13.7,48,33.14583333,59.12765957,25.98182624,19.96875,16.33333333,0.729,83.28125,33,57,19,15,0.74,72,0
Guilin,2015,12,2015/12/17,438,207,231,147,236,8,47,70,36,34,43,27,0,0,55,37,18,19,14,3,19,14,12,2,12,2,0,0,25,16,9,17,8,0,0,22,3,22,0,19,3,8.3,5.1,12.9,35,23.04166667,52.04166667,29,19.60416667,16.63541667,0.626947917,79.1875,22,51,19,15,0.62,71,0
Guilin,2015,12,2015/12/18,384,196,188,117,200,5,62,72,41,31,41,31,0,0,77,49,28,27,16,1,33,13,9,4,11,2,0,0,28,20,8,17,11,0,0,22,6,16,2,34,3,8.7,6.7,11.2,36,36.52083333,61.41666667,24.89583334,33.25,26.38541667,0.763916667,65.0625,36,60,32,26,0.77,60,0
Guilin,2015,12,2015/12/19,300,136,164,92,150,8,50,45,26,19,27,18,0,0,51,29,22,21,8,1,21,8,5,3,6,2,0,0,23,16,7,14,9,0,0,13,10,6,4,25,1,8.6,7.8,9.9,49,52.7826087,75.26086957,22.47826087,35.33695652,29.92391304,0.885217391,49.25,51,70,34,26,0.86,50,0
Guilin,2015,12,2015/12/20,266,123,143,74,136,7,49,54,36,18,30,24,0,0,41,25,16,11,10,3,17,9,7,2,8,1,0,0,28,20,8,15,13,0,0,20,8,14,3,17,3,8,6.8,9.4,66,78.70833333,92.24657534,13.53824201,32.17708333,32.65625,1.049270833,35.1875,80,96,30,33,1.08,33,0
Guilin,2015,12,2015/12/21,552,258,294,183,292,12,65,100,57,43,59,40,1,0,81,50,31,29,11,2,39,21,12,9,17,2,0,2,40,22,18,23,17,0,0,33,7,25,0,37,2,9.5,6.1,15,78,102.21875,146.3333333,44.1145833,43.63541667,44.59375,1.577125,45.65625,103,142,49,44,1.61,34,0
Guilin,2015,12,2015/12/22,430,221,209,140,229,13,48,83,45,38,47,35,0,1,69,43,26,29,23,1,16,26,18,8,18,8,0,0,29,19,10,17,12,0,0,25,4,16,0,19,3,11.1,9.2,12,96,103.7604167,145.2978723,41.5374556,26.77083333,44.875,1.737302083,19.92857143,98,109,25,44,1.73,17,0
Guilin,2015,12,2015/12/23,484,244,240,148,269,6,61,86,48,38,52,34,0,0,83,54,29,26,18,5,34,17,11,6,9,6,0,2,30,24,6,18,12,0,0,24,6,20,1,32,6,10.8,10.3,11.9,95,42.05208333,41.84848485,14.8864375,19.75,28.78125,1.395947917,15.46875,41,41,19,28,1.4,15,0
Guilin,2015,12,2015/12/24,420,216,204,135,227,8,50,85,57,28,43,41,0,1,55,36,19,20,14,4,17,18,13,5,14,3,1,0,39,25,14,23,15,0,1,34,5,19,2,15,4,10.1,9.2,11.8,84,22.43478261,31.58333333,9.14855072,14.1978022,20.34782609,1.246,25.53571429,22,28,13,20,1.25,22,0
Guilin,2015,12,2015/12/25,377,177,200,126,184,5,62,75,38,37,46,29,0,0,74,47,27,29,12,2,31,18,12,6,14,3,0,1,32,18,14,21,11,0,0,29,3,17,0,32,3,11.1,8.5,15.8,62,58.02083333,73.11594203,15.0951087,22.27083333,20.10416667,1.061177083,79.375,57,70,21,19,1.06,68,0
Guilin,2015,12,2015/12/26,317,158,159,103,156,7,51,56,38,18,35,21,0,0,49,31,18,24,8,1,16,13,11,2,10,3,0,0,27,19,8,17,10,0,0,24,3,18,2,17,5,9.8,7.8,12.3,84,92.4673913,97.88636364,5.41897234,18.9673913,30.51086957,1.228413043,71.64285714,91,64,18,30,1.22,64,0
Guilin,2015,12,2015/12/27,292,147,145,99,145,6,42,49,30,19,34,15,0,0,50,33,17,19,10,1,20,12,8,4,9,3,0,0,16,12,4,11,5,0,0,13,3,15,0,21,7,11.9,6.9,18.5,76,73.11458333,99.32954545,26.21496212,25.14583333,34.98958333,1.271697917,62.90625,72,98,24,34,1.27,41,0
Guilin,2015,12,2015/12/28,487,248,239,150,243,18,76,93,60,33,51,42,0,0,94,50,44,28,20,6,40,26,19,7,21,5,0,0,37,25,12,25,12,0,0,33,4,24,0,42,2,12.5,10.7,16.6,61,78.7173913,93.35294118,14.63554988,24.77173913,25.47826087,1.153456522,77.0625,78,93,24,24,1.15,68,0
Guilin,2015,12,2015/12/29,388,179,209,121,198,8,61,71,35,36,46,23,1,1,66,36,30,19,20,4,23,14,8,6,7,6,0,1,30,15,15,21,9,0,0,25,5,22,3,30,7,7.5,7,10.8,95,52.4375,73.42857143,20.99107143,13.36458333,26.875,1.45153125,50.4375,52,42,13,26,1.45,43,0
Guilin,2015,12,2015/12/30,363,182,181,121,175,9,58,78,52,26,46,32,0,0,70,45,25,28,11,2,29,17,11,6,15,2,0,0,30,22,8,20,10,0,0,25,5,25,0,37,7,9.3,7.4,11.3,82,62.9673913,78.83333333,15.86594203,18.18478261,27.55434783,1.391315217,47.6875,63,48,17,28,1.4,38,1
Guilin,2015,12,2015/12/31,359,192,167,121,168,14,56,62,33,29,38,24,0,0,72,47,25,22,14,5,31,17,13,4,12,4,0,1,27,16,11,16,11,0,0,21,6,12,2,33,3,11.9,9.2,16.4,71,81.4375,102.3943662,20.9568662,20.02083333,33.6875,1.367020833,72.40625,81,95,19,33,1.37,55,1
