"","year","sex","name","n","prop"
"1",1880,"F","Rachel",166,0.00170073
"2",1880,"F","Phoebe",50,0.00051227
"3",1880,"F","Monica",6,6.147e-05
"4",1880,"M","Ross",69,0.00058277
"5",1881,"F","Rachel",157,0.00158818
"6",1881,"F","Phoebe",46,0.00046533
"7",1881,"F","Monica",10,0.00010116
"8",1881,"M","Ross",82,0.00075728
"9",1882,"F","Rachel",203,0.00175461
"10",1882,"F","Phoebe",62,0.00053589
"11",1882,"M","Ross",96,0.00078669
"12",1883,"F","Rachel",174,0.00144929
"13",1883,"F","Phoebe",66,0.00054973
"14",1883,"F","Monica",5,4.165e-05
"15",1883,"M","Ross",88,0.00078238
"16",1884,"F","Rachel",230,0.00167168
"17",1884,"F","Phoebe",75,0.00054511
"18",1884,"F","Monica",8,5.815e-05
"19",1884,"M","Ross",110,0.00089622
"20",1885,"F","Rachel",212,0.0014935
"21",1885,"F","Phoebe",72,0.00050723
"22",1885,"F","Monica",10,7.045e-05
"23",1885,"M","Ross",109,0.0009401
"24",1886,"F","Rachel",213,0.0013855
"25",1886,"F","Phoebe",80,0.00052038
"26",1886,"F","Monica",10,6.505e-05
"27",1886,"M","Ross",107,0.00089885
"28",1887,"F","Rachel",226,0.00145411
"29",1887,"F","Phoebe",63,0.00040535
"30",1887,"F","Monica",13,8.364e-05
"31",1887,"M","Ross",85,0.00077758
"32",1888,"F","Rachel",281,0.00148328
"33",1888,"F","Phoebe",65,0.00034311
"34",1888,"F","Monica",13,6.862e-05
"35",1888,"M","Ross",90,0.00069281
"36",1889,"F","Rachel",266,0.00140578
"37",1889,"F","Phoebe",67,0.00035409
"38",1889,"F","Monica",14,7.399e-05
"39",1889,"M","Ross",115,0.00096613
"40",1890,"F","Rachel",318,0.0015769
"41",1890,"F","Phoebe",74,0.00036695
"42",1890,"F","Monica",17,8.43e-05
"43",1890,"M","Ross",101,0.00084377
"44",1891,"F","Rachel",267,0.00135832
"45",1891,"F","Phoebe",84,0.00042734
"46",1891,"F","Monica",25,0.00012718
"47",1891,"F","Ross",5,2.544e-05
"48",1891,"M","Ross",86,0.00078708
"49",1892,"F","Rachel",369,0.00164063
"50",1892,"F","Phoebe",88,0.00039126
"51",1892,"F","Monica",27,0.00012005
"52",1892,"M","Ross",90,0.00068466
"53",1893,"F","Rachel",321,0.0014252
"54",1893,"F","Phoebe",86,0.00038183
"55",1893,"F","Monica",25,0.000111
"56",1893,"M","Ross",76,0.00062789
"57",1894,"F","Rachel",317,0.00134339
"58",1894,"F","Phoebe",85,0.00036021
"59",1894,"F","Monica",22,9.323e-05
"60",1894,"M","Ross",110,0.00088075
"61",1895,"F","Rachel",351,0.00142044
"62",1895,"F","Phoebe",90,0.00036422
"63",1895,"F","Monica",20,8.094e-05
"64",1895,"M","Ross",73,0.00057642
"65",1896,"F","Rachel",348,0.00138099
"66",1896,"F","Phoebe",106,0.00042065
"67",1896,"F","Monica",36,0.00014286
"68",1896,"M","Ross",83,0.00064306
"69",1897,"F","Rachel",297,0.00119625
"70",1897,"F","Phoebe",72,0.00029
"71",1897,"F","Monica",34,0.00013694
"72",1897,"M","Ross",62,0.00050844
"73",1898,"F","Rachel",367,0.00133871
"74",1898,"F","Phoebe",79,0.00028817
"75",1898,"F","Monica",41,0.00014956
"76",1898,"M","Ross",75,0.00056773
"77",1899,"F","Rachel",324,0.00130914
"78",1899,"F","Phoebe",84,0.00033941
"79",1899,"F","Monica",30,0.00012122
"80",1899,"M","Ross",95,0.0008247
"81",1899,"M","Rachel",5,4.341e-05
"82",1900,"F","Rachel",379,0.00119275
"83",1900,"F","Phoebe",71,0.00022344
"84",1900,"F","Monica",39,0.00012274
"85",1900,"M","Ross",83,0.00051193
"86",1900,"M","Chandler",5,3.084e-05
"87",1900,"M","Rachel",5,3.084e-05
"88",1901,"F","Rachel",369,0.00145145
"89",1901,"F","Phoebe",54,0.00021241
"90",1901,"F","Monica",44,0.00017307
"91",1901,"M","Ross",72,0.00062286
"92",1902,"F","Rachel",393,0.0014019
"93",1902,"F","Phoebe",87,0.00031034
"94",1902,"F","Monica",33,0.00011772
"95",1902,"M","Ross",90,0.00067797
"96",1903,"F","Rachel",383,0.00137673
"97",1903,"F","Phoebe",68,0.00024443
"98",1903,"F","Monica",36,0.00012941
"99",1903,"M","Ross",67,0.00051807
"100",1904,"F","Rachel",356,0.00121736
"101",1904,"F","Phoebe",63,0.00021543
"102",1904,"F","Monica",54,0.00018466
"103",1904,"M","Ross",73,0.00052705
"104",1905,"F","Rachel",421,0.00135866
"105",1905,"F","Phoebe",87,0.00028077
"106",1905,"F","Monica",53,0.00017104
"107",1905,"M","Ross",74,0.00051662
"108",1906,"F","Rachel",366,0.00116769
"109",1906,"F","Phoebe",53,0.00016909
"110",1906,"F","Monica",52,0.0001659
"111",1906,"M","Ross",88,0.00061081
"112",1907,"F","Rachel",420,0.00124469
"113",1907,"F","Phoebe",82,0.00024301
"114",1907,"F","Monica",61,0.00018078
"115",1907,"M","Ross",76,0.00047923
"116",1907,"M","Chandler",6,3.783e-05
"117",1908,"F","Rachel",425,0.00119877
"118",1908,"F","Phoebe",76,0.00021437
"119",1908,"F","Monica",62,0.00017488
"120",1908,"M","Ross",99,0.00059507
"121",1909,"F","Rachel",462,0.00125511
"122",1909,"F","Phoebe",78,0.0002119
"123",1909,"F","Monica",71,0.00019288
"124",1909,"M","Ross",81,0.00045797
"125",1909,"M","Chandler",6,3.392e-05
"126",1910,"F","Rachel",538,0.0012824
"127",1910,"F","Phoebe",90,0.00021453
"128",1910,"F","Monica",79,0.00018831
"129",1910,"M","Ross",103,0.00049396
"130",1910,"M","Rachel",5,2.398e-05
"131",1911,"F","Rachel",537,0.00121543
"132",1911,"F","Phoebe",87,0.00019691
"133",1911,"F","Monica",83,0.00018786
"134",1911,"M","Ross",140,0.00057996
"135",1911,"M","Chandler",5,2.071e-05
"136",1912,"F","Rachel",703,0.0011982
"137",1912,"F","Monica",130,0.00022157
"138",1912,"F","Phoebe",104,0.00017726
"139",1912,"M","Ross",240,0.00053161
"140",1912,"M","Chandler",18,3.987e-05
"141",1913,"F","Rachel",827,0.00126276
"142",1913,"F","Monica",164,0.00025041
"143",1913,"F","Phoebe",112,0.00017102
"144",1913,"F","Ross",5,7.63e-06
"145",1913,"M","Ross",300,0.00055944
"146",1913,"M","Chandler",9,1.678e-05
"147",1914,"F","Rachel",974,0.00122267
"148",1914,"F","Phoebe",177,0.00022219
"149",1914,"F","Monica",156,0.00019583
"150",1914,"F","Ross",6,7.53e-06
"151",1914,"M","Ross",360,0.00052684
"152",1914,"M","Chandler",22,3.22e-05
"153",1914,"M","Rachel",5,7.32e-06
"154",1915,"F","Rachel",1205,0.0011769
"155",1915,"F","Phoebe",198,0.00019338
"156",1915,"F","Monica",196,0.00019143
"157",1915,"M","Ross",451,0.00051195
"158",1915,"M","Chandler",24,2.724e-05
"159",1915,"M","Rachel",7,7.95e-06
"160",1915,"M","Joey",6,6.81e-06
"161",1916,"F","Rachel",1328,0.00122315
"162",1916,"F","Monica",278,0.00025605
"163",1916,"F","Phoebe",199,0.00018329
"164",1916,"F","Ross",6,5.53e-06
"165",1916,"M","Ross",457,0.00049499
"166",1916,"M","Chandler",26,2.816e-05
"167",1916,"M","Joey",9,9.75e-06
"168",1916,"M","Rachel",8,8.66e-06
"169",1917,"F","Rachel",1339,0.0011916
"170",1917,"F","Monica",252,0.00022426
"171",1917,"F","Phoebe",227,0.00020201
"172",1917,"F","Ross",9,8.01e-06
"173",1917,"M","Ross",503,0.00052433
"174",1917,"M","Chandler",28,2.919e-05
"175",1917,"M","Rachel",5,5.21e-06
"176",1918,"F","Rachel",1542,0.00128247
"177",1918,"F","Monica",223,0.00018547
"178",1918,"F","Phoebe",215,0.00017881
"179",1918,"F","Ross",8,6.65e-06
"180",1918,"F","Joey",7,5.82e-06
"181",1918,"M","Ross",569,0.00054259
"182",1918,"M","Chandler",25,2.384e-05
"183",1918,"M","Rachel",6,5.72e-06
"184",1919,"F","Rachel",1488,0.00126676
"185",1919,"F","Phoebe",193,0.0001643
"186",1919,"F","Monica",178,0.00015153
"187",1919,"F","Ross",13,1.107e-05
"188",1919,"F","Joey",7,5.96e-06
"189",1919,"M","Ross",569,0.00056041
"190",1919,"M","Chandler",36,3.546e-05
"191",1919,"M","Joey",8,7.88e-06
"192",1919,"M","Rachel",8,7.88e-06
"193",1920,"F","Rachel",1484,0.00119289
"194",1920,"F","Phoebe",220,0.00017684
"195",1920,"F","Monica",215,0.00017282
"196",1920,"M","Ross",548,0.00049781
"197",1920,"M","Chandler",39,3.543e-05
"198",1920,"M","Rachel",8,7.27e-06
"199",1920,"M","Joey",5,4.54e-06
"200",1921,"F","Rachel",1583,0.001237
"201",1921,"F","Monica",247,0.00019301
"202",1921,"F","Phoebe",199,0.0001555
"203",1921,"F","Joey",11,8.6e-06
"204",1921,"F","Ross",11,8.6e-06
"205",1921,"M","Ross",514,0.00045169
"206",1921,"M","Chandler",26,2.285e-05
"207",1921,"M","Rachel",10,8.79e-06
"208",1921,"M","Joey",8,7.03e-06
"209",1922,"F","Rachel",1541,0.00123522
"210",1922,"F","Monica",206,0.00016512
"211",1922,"F","Phoebe",193,0.0001547
"212",1922,"F","Ross",8,6.41e-06
"213",1922,"F","Joey",6,4.81e-06
"214",1922,"M","Ross",576,0.00051188
"215",1922,"M","Chandler",37,3.288e-05
"216",1922,"M","Joey",12,1.066e-05
"217",1922,"M","Rachel",10,8.89e-06
"218",1923,"F","Rachel",1484,0.00118487
"219",1923,"F","Monica",199,0.00015889
"220",1923,"F","Phoebe",194,0.0001549
"221",1923,"F","Joey",8,6.39e-06
"222",1923,"F","Ross",6,4.79e-06
"223",1923,"M","Ross",575,0.0005078
"224",1923,"M","Chandler",25,2.208e-05
"225",1923,"M","Joey",5,4.42e-06
"226",1923,"M","Rachel",5,4.42e-06
"227",1924,"F","Rachel",1600,0.00123485
"228",1924,"F","Monica",223,0.00017211
"229",1924,"F","Phoebe",197,0.00015204
"230",1924,"F","Joey",9,6.95e-06
"231",1924,"F","Ross",7,5.4e-06
"232",1924,"M","Ross",588,0.00050297
"233",1924,"M","Chandler",26,2.224e-05
"234",1924,"M","Joey",14,1.198e-05
"235",1925,"F","Rachel",1439,0.00113928
"236",1925,"F","Monica",198,0.00015676
"237",1925,"F","Phoebe",192,0.00015201
"238",1925,"F","Ross",9,7.13e-06
"239",1925,"F","Joey",8,6.33e-06
"240",1925,"M","Ross",559,0.00048548
"241",1925,"M","Chandler",27,2.345e-05
"242",1925,"M","Joey",11,9.55e-06
"243",1925,"M","Rachel",8,6.95e-06
"244",1926,"F","Rachel",1389,0.00112913
"245",1926,"F","Monica",190,0.00015445
"246",1926,"F","Phoebe",162,0.00013169
"247",1926,"F","Ross",7,5.69e-06
"248",1926,"F","Joey",6,4.88e-06
"249",1926,"M","Ross",530,0.00046268
"250",1926,"M","Chandler",27,2.357e-05
"251",1926,"M","Joey",15,1.309e-05
"252",1926,"M","Rachel",8,6.98e-06
"253",1927,"F","Rachel",1286,0.00104012
"254",1927,"F","Monica",189,0.00015286
"255",1927,"F","Phoebe",169,0.00013669
"256",1927,"F","Joey",5,4.04e-06
"257",1927,"M","Ross",453,0.00038989
"258",1927,"M","Chandler",28,2.41e-05
"259",1927,"M","Joey",14,1.205e-05
"260",1927,"M","Rachel",7,6.02e-06
"261",1928,"F","Rachel",1181,0.0009879
"262",1928,"F","Monica",218,0.00018236
"263",1928,"F","Phoebe",177,0.00014806
"264",1928,"F","Joey",7,5.86e-06
"265",1928,"F","Ross",5,4.18e-06
"266",1928,"M","Ross",483,0.00042325
"267",1928,"M","Chandler",22,1.928e-05
"268",1928,"M","Joey",19,1.665e-05
"269",1928,"M","Rachel",8,7.01e-06
"270",1929,"F","Rachel",1214,0.00104879
"271",1929,"F","Monica",182,0.00015723
"272",1929,"F","Phoebe",148,0.00012786
"273",1929,"F","Joey",6,5.18e-06
"274",1929,"M","Ross",414,0.0003738
"275",1929,"M","Chandler",21,1.896e-05
"276",1929,"M","Joey",16,1.445e-05
"277",1929,"M","Rachel",11,9.93e-06
"278",1930,"F","Rachel",1261,0.00108108
"279",1930,"F","Monica",168,0.00014403
"280",1930,"F","Phoebe",164,0.0001406
"281",1930,"F","Joey",5,4.29e-06
"282",1930,"M","Ross",498,0.00044093
"283",1930,"M","Joey",24,2.125e-05
"284",1930,"M","Chandler",14,1.24e-05
"285",1930,"M","Rachel",6,5.31e-06
"286",1931,"F","Rachel",1171,0.00106105
"287",1931,"F","Monica",192,0.00017397
"288",1931,"F","Phoebe",143,0.00012957
"289",1931,"F","Joey",7,6.34e-06
"290",1931,"F","Ross",7,6.34e-06
"291",1931,"M","Ross",454,0.00042447
"292",1931,"M","Chandler",28,2.618e-05
"293",1931,"M","Joey",24,2.244e-05
"294",1932,"F","Rachel",1255,0.00113449
"295",1932,"F","Monica",215,0.00019436
"296",1932,"F","Phoebe",146,0.00013198
"297",1932,"F","Joey",12,1.085e-05
"298",1932,"M","Ross",423,0.00039375
"299",1932,"M","Joey",28,2.606e-05
"300",1932,"M","Chandler",18,1.676e-05
"301",1932,"M","Rachel",11,1.024e-05
"302",1933,"F","Rachel",1141,0.00109089
"303",1933,"F","Monica",213,0.00020365
"304",1933,"F","Phoebe",143,0.00013672
"305",1933,"F","Joey",14,1.339e-05
"306",1933,"M","Ross",415,0.00040686
"307",1933,"M","Chandler",25,2.451e-05
"308",1933,"M","Joey",22,2.157e-05
"309",1933,"M","Rachel",10,9.8e-06
"310",1934,"F","Rachel",1181,0.00109127
"311",1934,"F","Monica",259,0.00023932
"312",1934,"F","Phoebe",127,0.00011735
"313",1934,"F","Joey",11,1.016e-05
"314",1934,"F","Ross",5,4.62e-06
"315",1934,"M","Ross",442,0.0004163
"316",1934,"M","Chandler",29,2.731e-05
"317",1934,"M","Joey",26,2.449e-05
"318",1934,"M","Rachel",13,1.224e-05
"319",1935,"F","Rachel",1199,0.00110333
"320",1935,"F","Monica",332,0.00030551
"321",1935,"F","Phoebe",127,0.00011687
"322",1935,"F","Joey",9,8.28e-06
"323",1935,"M","Ross",427,0.00039929
"324",1935,"M","Joey",35,3.273e-05
"325",1935,"M","Chandler",25,2.338e-05
"326",1935,"M","Rachel",11,1.029e-05
"327",1936,"F","Rachel",1207,0.00112019
"328",1936,"F","Monica",273,0.00025337
"329",1936,"F","Phoebe",139,0.000129
"330",1936,"F","Joey",12,1.114e-05
"331",1936,"F","Ross",6,5.57e-06
"332",1936,"M","Ross",475,0.00044636
"333",1936,"M","Joey",31,2.913e-05
"334",1936,"M","Chandler",20,1.879e-05
"335",1936,"M","Rachel",17,1.597e-05
"336",1937,"F","Rachel",1229,0.00111549
"337",1937,"F","Monica",292,0.00026503
"338",1937,"F","Phoebe",121,0.00010982
"339",1937,"F","Joey",11,9.98e-06
"340",1937,"M","Ross",465,0.00042525
"341",1937,"M","Joey",38,3.475e-05
"342",1937,"M","Chandler",23,2.103e-05
"343",1937,"M","Rachel",12,1.097e-05
"344",1938,"F","Rachel",1279,0.00112059
"345",1938,"F","Monica",269,0.00023568
"346",1938,"F","Phoebe",151,0.0001323
"347",1938,"F","Joey",11,9.64e-06
"348",1938,"F","Ross",6,5.26e-06
"349",1938,"M","Ross",479,0.00042154
"350",1938,"M","Joey",31,2.728e-05
"351",1938,"M","Chandler",15,1.32e-05
"352",1938,"M","Rachel",9,7.92e-06
"353",1939,"F","Rachel",1345,0.00118602
"354",1939,"F","Monica",255,0.00022486
"355",1939,"F","Phoebe",143,0.0001261
"356",1939,"F","Joey",9,7.94e-06
"357",1939,"F","Ross",5,4.41e-06
"358",1939,"M","Ross",480,0.00042359
"359",1939,"M","Joey",50,4.412e-05
"360",1939,"M","Chandler",22,1.941e-05
"361",1939,"M","Rachel",9,7.94e-06
"362",1940,"F","Rachel",1264,0.00107005
"363",1940,"F","Monica",286,0.00024212
"364",1940,"F","Phoebe",150,0.00012698
"365",1940,"F","Joey",5,4.23e-06
"366",1940,"M","Ross",458,0.00038616
"367",1940,"M","Joey",64,5.396e-05
"368",1940,"M","Chandler",11,9.27e-06
"369",1940,"M","Rachel",7,5.9e-06
"370",1941,"F","Rachel",1385,0.00111168
"371",1941,"F","Monica",261,0.00020949
"372",1941,"F","Phoebe",155,0.00012441
"373",1941,"F","Joey",8,6.42e-06
"374",1941,"F","Ross",5,4.01e-06
"375",1941,"M","Ross",513,0.00040888
"376",1941,"M","Joey",52,4.145e-05
"377",1941,"M","Rachel",17,1.355e-05
"378",1941,"M","Chandler",15,1.196e-05
"379",1942,"F","Rachel",1426,0.00102561
"380",1942,"F","Monica",325,0.00023375
"381",1942,"F","Phoebe",127,9.134e-05
"382",1942,"F","Joey",22,1.582e-05
"383",1942,"M","Ross",556,0.00039487
"384",1942,"M","Joey",96,6.818e-05
"385",1942,"M","Chandler",24,1.704e-05
"386",1942,"M","Rachel",10,7.1e-06
"387",1943,"F","Rachel",1371,0.00095522
"388",1943,"F","Monica",299,0.00020832
"389",1943,"F","Phoebe",128,8.918e-05
"390",1943,"F","Joey",14,9.75e-06
"391",1943,"M","Ross",584,0.00040156
"392",1943,"M","Joey",131,9.008e-05
"393",1943,"M","Chandler",23,1.582e-05
"394",1943,"M","Rachel",8,5.5e-06
"395",1944,"F","Rachel",1249,0.00091404
"396",1944,"F","Monica",342,0.00025028
"397",1944,"F","Phoebe",112,8.196e-05
"398",1944,"F","Joey",20,1.464e-05
"399",1944,"F","Ross",7,5.12e-06
"400",1944,"M","Ross",564,0.00040606
"401",1944,"M","Joey",137,9.863e-05
"402",1944,"M","Chandler",20,1.44e-05
"403",1945,"F","Rachel",1208,0.00089743
"404",1945,"F","Monica",400,0.00029716
"405",1945,"F","Phoebe",101,7.503e-05
"406",1945,"F","Joey",20,1.486e-05
"407",1945,"F","Ross",5,3.71e-06
"408",1945,"M","Ross",555,0.00040473
"409",1945,"M","Joey",120,8.751e-05
"410",1945,"M","Chandler",18,1.313e-05
"411",1945,"M","Rachel",7,5.1e-06
"412",1946,"F","Rachel",1234,0.00076511
"413",1946,"F","Monica",457,0.00028335
"414",1946,"F","Phoebe",117,7.254e-05
"415",1946,"F","Joey",16,9.92e-06
"416",1946,"M","Ross",650,0.00039389
"417",1946,"M","Joey",121,7.332e-05
"418",1946,"M","Chandler",22,1.333e-05
"419",1947,"F","Rachel",1447,0.00079601
"420",1947,"F","Monica",614,0.00033777
"421",1947,"F","Phoebe",127,6.986e-05
"422",1947,"F","Joey",14,7.7e-06
"423",1947,"M","Ross",789,0.00042479
"424",1947,"M","Joey",174,9.368e-05
"425",1947,"M","Chandler",32,1.723e-05
"426",1948,"F","Rachel",1388,0.00079652
"427",1948,"F","Monica",847,0.00048606
"428",1948,"F","Phoebe",105,6.026e-05
"429",1948,"F","Joey",15,8.61e-06
"430",1948,"M","Ross",720,0.00040391
"431",1948,"M","Joey",153,8.583e-05
"432",1948,"M","Chandler",19,1.066e-05
"433",1948,"M","Monica",5,2.8e-06
"434",1949,"F","Rachel",1438,0.00081914
"435",1949,"F","Monica",826,0.00047052
"436",1949,"F","Phoebe",107,6.095e-05
"437",1949,"F","Joey",15,8.54e-06
"438",1949,"M","Ross",763,0.00042346
"439",1949,"M","Joey",154,8.547e-05
"440",1949,"M","Chandler",21,1.165e-05
"441",1949,"M","Rachel",6,3.33e-06
"442",1950,"F","Rachel",1453,0.00082622
"443",1950,"F","Monica",1057,0.00060104
"444",1950,"F","Phoebe",99,5.629e-05
"445",1950,"F","Joey",27,1.535e-05
"446",1950,"F","Ross",5,2.84e-06
"447",1950,"M","Ross",769,0.00042274
"448",1950,"M","Joey",188,0.00010335
"449",1950,"M","Chandler",23,1.264e-05
"450",1951,"F","Rachel",1435,0.00077682
"451",1951,"F","Monica",1298,0.00070266
"452",1951,"F","Phoebe",109,5.901e-05
"453",1951,"F","Joey",26,1.407e-05
"454",1951,"F","Ross",5,2.71e-06
"455",1951,"M","Ross",883,0.00046186
"456",1951,"M","Joey",196,0.00010252
"457",1951,"M","Chandler",22,1.151e-05
"458",1951,"M","Rachel",7,3.66e-06
"459",1952,"F","Rachel",1601,0.00084162
"460",1952,"F","Monica",1465,0.00077013
"461",1952,"F","Phoebe",100,5.257e-05
"462",1952,"F","Joey",17,8.94e-06
"463",1952,"M","Ross",908,0.00045993
"464",1952,"M","Joey",243,0.00012309
"465",1952,"M","Chandler",17,8.61e-06
"466",1952,"M","Rachel",11,5.57e-06
"467",1953,"F","Rachel",1777,0.00092116
"468",1953,"F","Monica",1598,0.00082837
"469",1953,"F","Phoebe",95,4.925e-05
"470",1953,"F","Joey",28,1.451e-05
"471",1953,"M","Ross",919,0.00045921
"472",1953,"M","Joey",329,0.0001644
"473",1953,"M","Chandler",16,7.99e-06
"474",1953,"M","Rachel",9,4.5e-06
"475",1954,"F","Monica",1827,0.0009177
"476",1954,"F","Rachel",1804,0.00090615
"477",1954,"F","Phoebe",130,6.53e-05
"478",1954,"F","Joey",30,1.507e-05
"479",1954,"M","Ross",1000,0.00048346
"480",1954,"M","Joey",501,0.00024221
"481",1954,"M","Chandler",24,1.16e-05
"482",1954,"M","Rachel",5,2.42e-06
"483",1955,"F","Monica",1812,0.00090388
"484",1955,"F","Rachel",1802,0.00089889
"485",1955,"F","Phoebe",120,5.986e-05
"486",1955,"F","Joey",26,1.297e-05
"487",1955,"M","Ross",1027,0.00049148
"488",1955,"M","Joey",694,0.00033212
"489",1955,"M","Chandler",23,1.101e-05
"490",1955,"M","Rachel",13,6.22e-06
"491",1956,"F","Monica",2160,0.00104892
"492",1956,"F","Rachel",1670,0.00081097
"493",1956,"F","Phoebe",109,5.293e-05
"494",1956,"F","Joey",29,1.408e-05
"495",1956,"M","Ross",992,0.00046256
"496",1956,"M","Joey",946,0.00044111
"497",1956,"M","Chandler",26,1.212e-05
"498",1956,"M","Rachel",9,4.2e-06
"499",1957,"F","Monica",2487,0.00118567
"500",1957,"F","Rachel",1825,0.00087006
"501",1957,"F","Phoebe",105,5.006e-05
"502",1957,"F","Joey",43,2.05e-05
"503",1957,"F","Ross",5,2.38e-06
"504",1957,"M","Joey",1034,0.00047269
"505",1957,"M","Ross",952,0.00043521
"506",1957,"M","Chandler",32,1.463e-05
"507",1957,"M","Rachel",7,3.2e-06
"508",1958,"F","Monica",2415,0.00116948
"509",1958,"F","Rachel",1660,0.00080387
"510",1958,"F","Phoebe",110,5.327e-05
"511",1958,"F","Joey",40,1.937e-05
"512",1958,"F","Ross",8,3.87e-06
"513",1958,"M","Joey",1071,0.00049744
"514",1958,"M","Ross",1032,0.00047932
"515",1958,"M","Chandler",22,1.022e-05
"516",1958,"M","Monica",7,3.25e-06
"517",1958,"M","Rachel",6,2.79e-06
"518",1959,"F","Monica",2593,0.00124753
"519",1959,"F","Rachel",1747,0.00084051
"520",1959,"F","Phoebe",116,5.581e-05
"521",1959,"F","Joey",26,1.251e-05
"522",1959,"M","Joey",1121,0.00051748
"523",1959,"M","Ross",1029,0.00047501
"524",1959,"M","Chandler",25,1.154e-05
"525",1959,"M","Monica",7,3.23e-06
"526",1959,"M","Rachel",7,3.23e-06
"527",1960,"F","Monica",3088,0.00148473
"528",1960,"F","Rachel",1791,0.00086112
"529",1960,"F","Phoebe",116,5.577e-05
"530",1960,"F","Joey",23,1.106e-05
"531",1960,"F","Ross",6,2.88e-06
"532",1960,"M","Joey",1206,0.00055686
"533",1960,"M","Ross",1044,0.00048206
"534",1960,"M","Chandler",28,1.293e-05
"535",1960,"M","Monica",8,3.69e-06
"536",1961,"F","Monica",3390,0.00163263
"537",1961,"F","Rachel",2056,0.00099018
"538",1961,"F","Phoebe",119,5.731e-05
"539",1961,"F","Joey",29,1.397e-05
"540",1961,"M","Joey",1257,0.00058304
"541",1961,"M","Ross",1022,0.00047404
"542",1961,"M","Chandler",31,1.438e-05
"543",1961,"M","Monica",12,5.57e-06
"544",1961,"M","Rachel",7,3.25e-06
"545",1962,"F","Monica",4006,0.00197634
"546",1962,"F","Rachel",1940,0.00095709
"547",1962,"F","Phoebe",110,5.427e-05
"548",1962,"F","Joey",43,2.121e-05
"549",1962,"F","Chandler",10,4.93e-06
"550",1962,"F","Ross",7,3.45e-06
"551",1962,"M","Joey",1528,0.00072691
"552",1962,"M","Ross",1138,0.00054138
"553",1962,"M","Chandler",28,1.332e-05
"554",1962,"M","Monica",11,5.23e-06
"555",1962,"M","Rachel",7,3.33e-06
"556",1963,"F","Monica",3997,0.00201062
"557",1963,"F","Rachel",2179,0.00109611
"558",1963,"F","Phoebe",106,5.332e-05
"559",1963,"F","Joey",18,9.05e-06
"560",1963,"F","Ross",13,6.54e-06
"561",1963,"M","Joey",1383,0.00066967
"562",1963,"M","Ross",1127,0.00054571
"563",1963,"M","Chandler",31,1.501e-05
"564",1963,"M","Monica",10,4.84e-06
"565",1963,"M","Rachel",5,2.42e-06
"566",1964,"F","Monica",4651,0.0023763
"567",1964,"F","Rachel",2261,0.00115519
"568",1964,"F","Phoebe",100,5.109e-05
"569",1964,"F","Joey",33,1.686e-05
"570",1964,"M","Joey",1366,0.00067379
"571",1964,"M","Ross",1023,0.0005046
"572",1964,"M","Chandler",31,1.529e-05
"573",1964,"M","Monica",14,6.91e-06
"574",1964,"M","Rachel",6,2.96e-06
"575",1965,"F","Monica",5113,0.002798
"576",1965,"F","Rachel",2013,0.00110158
"577",1965,"F","Phoebe",75,4.104e-05
"578",1965,"F","Joey",26,1.423e-05
"579",1965,"M","Joey",1120,0.00059096
"580",1965,"M","Ross",987,0.00052079
"581",1965,"M","Chandler",27,1.425e-05
"582",1965,"M","Monica",15,7.91e-06
"583",1965,"M","Rachel",12,6.33e-06
"584",1966,"F","Monica",4718,0.00268743
"585",1966,"F","Rachel",2277,0.00129701
"586",1966,"F","Phoebe",106,6.038e-05
"587",1966,"F","Joey",55,3.133e-05
"588",1966,"M","Joey",1031,0.00056713
"589",1966,"M","Ross",916,0.00050387
"590",1966,"M","Chandler",34,1.87e-05
"591",1966,"M","Monica",12,6.6e-06
"592",1966,"M","Rachel",8,4.4e-06
"593",1967,"F","Monica",4963,0.00289101
"594",1967,"F","Rachel",3315,0.00193103
"595",1967,"F","Phoebe",137,7.98e-05
"596",1967,"F","Joey",83,4.835e-05
"597",1967,"M","Joey",1068,0.00060008
"598",1967,"M","Ross",797,0.00044781
"599",1967,"M","Chandler",50,2.809e-05
"600",1967,"M","Rachel",12,6.74e-06
"601",1967,"M","Monica",8,4.49e-06
"602",1968,"F","Monica",5217,0.00305168
"603",1968,"F","Rachel",3727,0.00218011
"604",1968,"F","Joey",145,8.482e-05
"605",1968,"F","Phoebe",96,5.616e-05
"606",1968,"M","Joey",1111,0.00062554
"607",1968,"M","Ross",846,0.00047633
"608",1968,"M","Chandler",51,2.872e-05
"609",1968,"M","Rachel",11,6.19e-06
"610",1968,"M","Monica",8,4.5e-06
"611",1969,"F","Monica",6036,0.00342425
"612",1969,"F","Rachel",5242,0.00297381
"613",1969,"F","Joey",142,8.056e-05
"614",1969,"F","Phoebe",100,5.673e-05
"615",1969,"F","Ross",7,3.97e-06
"616",1969,"M","Joey",1190,0.00065028
"617",1969,"M","Ross",885,0.00048361
"618",1969,"M","Chandler",83,4.536e-05
"619",1969,"M","Monica",26,1.421e-05
"620",1969,"M","Rachel",18,9.84e-06
"621",1970,"F","Monica",6187,0.00337739
"622",1970,"F","Rachel",6028,0.00329059
"623",1970,"F","Joey",198,0.00010809
"624",1970,"F","Phoebe",111,6.059e-05
"625",1970,"F","Chandler",5,2.73e-06
"626",1970,"M","Joey",1139,0.00059771
"627",1970,"M","Ross",881,0.00046232
"628",1970,"M","Chandler",103,5.405e-05
"629",1970,"M","Monica",33,1.732e-05
"630",1970,"M","Rachel",20,1.05e-05
"631",1971,"F","Monica",6426,0.00366704
"632",1971,"F","Rachel",6122,0.00349356
"633",1971,"F","Joey",167,9.53e-05
"634",1971,"F","Phoebe",113,6.448e-05
"635",1971,"F","Ross",6,3.42e-06
"636",1971,"M","Joey",1071,0.00058899
"637",1971,"M","Ross",858,0.00047185
"638",1971,"M","Chandler",99,5.444e-05
"639",1971,"M","Rachel",32,1.76e-05
"640",1971,"M","Monica",30,1.65e-05
"641",1972,"F","Rachel",6415,0.00397838
"642",1972,"F","Monica",6127,0.00379977
"643",1972,"F","Joey",185,0.00011473
"644",1972,"F","Phoebe",112,6.946e-05
"645",1972,"F","Chandler",6,3.72e-06
"646",1972,"M","Joey",911,0.00054399
"647",1972,"M","Ross",709,0.00042337
"648",1972,"M","Chandler",94,5.613e-05
"649",1972,"M","Monica",26,1.553e-05
"650",1972,"M","Rachel",15,8.96e-06
"651",1973,"F","Monica",6375,0.00410222
"652",1973,"F","Rachel",6106,0.00392913
"653",1973,"F","Joey",208,0.00013385
"654",1973,"F","Phoebe",118,7.593e-05
"655",1973,"F","Ross",11,7.08e-06
"656",1973,"F","Chandler",5,3.22e-06
"657",1973,"M","Joey",873,0.00054082
"658",1973,"M","Ross",715,0.00044294
"659",1973,"M","Chandler",59,3.655e-05
"660",1973,"M","Monica",42,2.602e-05
"661",1973,"M","Rachel",21,1.301e-05
"662",1974,"F","Rachel",7397,0.00472308
"663",1974,"F","Monica",6284,0.00401242
"664",1974,"F","Joey",232,0.00014814
"665",1974,"F","Phoebe",95,6.066e-05
"666",1974,"F","Chandler",8,5.11e-06
"667",1974,"F","Ross",7,4.47e-06
"668",1974,"M","Joey",855,0.0005243
"669",1974,"M","Ross",674,0.00041331
"670",1974,"M","Chandler",45,2.759e-05
"671",1974,"M","Rachel",35,2.146e-05
"672",1974,"M","Monica",30,1.84e-05
"673",1975,"F","Rachel",8225,0.00526994
"674",1975,"F","Monica",5477,0.00350924
"675",1975,"F","Joey",223,0.00014288
"676",1975,"F","Phoebe",112,7.176e-05
"677",1975,"F","Ross",6,3.84e-06
"678",1975,"M","Joey",840,0.00051755
"679",1975,"M","Ross",679,0.00041835
"680",1975,"M","Chandler",66,4.066e-05
"681",1975,"M","Monica",33,2.033e-05
"682",1975,"M","Rachel",23,1.417e-05
"683",1976,"F","Rachel",8456,0.0053796
"684",1976,"F","Monica",5981,0.00380504
"685",1976,"F","Joey",203,0.00012915
"686",1976,"F","Phoebe",107,6.807e-05
"687",1976,"F","Chandler",7,4.45e-06
"688",1976,"M","Joey",1161,0.00071086
"689",1976,"M","Ross",680,0.00041635
"690",1976,"M","Chandler",66,4.041e-05
"691",1976,"M","Monica",34,2.082e-05
"692",1976,"M","Rachel",28,1.714e-05
"693",1977,"F","Rachel",8976,0.00545678
"694",1977,"F","Monica",6365,0.00386947
"695",1977,"F","Joey",199,0.00012098
"696",1977,"F","Phoebe",151,9.18e-05
"697",1977,"F","Chandler",7,4.26e-06
"698",1977,"M","Joey",1213,0.00070942
"699",1977,"M","Ross",823,0.00048133
"700",1977,"M","Chandler",48,2.807e-05
"701",1977,"M","Rachel",38,2.222e-05
"702",1977,"M","Monica",32,1.871e-05
"703",1978,"F","Rachel",9805,0.00596488
"704",1978,"F","Monica",5865,0.00356798
"705",1978,"F","Joey",147,8.943e-05
"706",1978,"F","Phoebe",115,6.996e-05
"707",1978,"F","Chandler",5,3.04e-06
"708",1978,"F","Ross",5,3.04e-06
"709",1978,"M","Joey",1072,0.00062723
"710",1978,"M","Ross",919,0.00053771
"711",1978,"M","Chandler",63,3.686e-05
"712",1978,"M","Rachel",39,2.282e-05
"713",1978,"M","Monica",31,1.814e-05
"714",1979,"F","Rachel",10235,0.00593976
"715",1979,"F","Monica",6586,0.00382211
"716",1979,"F","Joey",173,0.0001004
"717",1979,"F","Phoebe",100,5.803e-05
"718",1979,"F","Ross",11,6.38e-06
"719",1979,"F","Chandler",7,4.06e-06
"720",1979,"M","Joey",1095,0.00061111
"721",1979,"M","Ross",1001,0.00055865
"722",1979,"M","Chandler",70,3.907e-05
"723",1979,"M","Rachel",41,2.288e-05
"724",1979,"M","Monica",34,1.898e-05
"725",1980,"F","Rachel",11622,0.00652789
"726",1980,"F","Monica",6034,0.0033892
"727",1980,"F","Joey",126,7.077e-05
"728",1980,"F","Phoebe",84,4.718e-05
"729",1980,"F","Chandler",19,1.067e-05
"730",1980,"F","Ross",5,2.81e-06
"731",1980,"M","Joey",1155,0.00062263
"732",1980,"M","Ross",1040,0.00056064
"733",1980,"M","Chandler",66,3.558e-05
"734",1980,"M","Rachel",57,3.073e-05
"735",1980,"M","Monica",43,2.318e-05
"736",1981,"F","Rachel",12586,0.00703823
"737",1981,"F","Monica",5783,0.00323392
"738",1981,"F","Joey",101,5.648e-05
"739",1981,"F","Phoebe",83,4.641e-05
"740",1981,"F","Chandler",18,1.007e-05
"741",1981,"M","Ross",1241,0.00066634
"742",1981,"M","Joey",1072,0.0005756
"743",1981,"M","Chandler",70,3.759e-05
"744",1981,"M","Rachel",50,2.685e-05
"745",1981,"M","Monica",31,1.665e-05
"746",1982,"F","Rachel",13869,0.0076456
"747",1982,"F","Monica",5734,0.003161
"748",1982,"F","Phoebe",80,4.41e-05
"749",1982,"F","Joey",74,4.079e-05
"750",1982,"F","Chandler",18,9.92e-06
"751",1982,"F","Ross",14,7.72e-06
"752",1982,"M","Ross",1464,0.00077578
"753",1982,"M","Joey",1001,0.00053044
"754",1982,"M","Chandler",90,4.769e-05
"755",1982,"M","Rachel",64,3.391e-05
"756",1982,"M","Monica",39,2.067e-05
"757",1983,"F","Rachel",14592,0.0081549
"758",1983,"F","Monica",5402,0.00301897
"759",1983,"F","Phoebe",92,5.142e-05
"760",1983,"F","Joey",80,4.471e-05
"761",1983,"F","Chandler",21,1.174e-05
"762",1983,"F","Ross",11,6.15e-06
"763",1983,"M","Ross",1344,0.00072129
"764",1983,"M","Joey",791,0.00042451
"765",1983,"M","Chandler",88,4.723e-05
"766",1983,"M","Rachel",43,2.308e-05
"767",1983,"M","Monica",36,1.932e-05
"768",1984,"F","Rachel",15837,0.00878423
"769",1984,"F","Monica",5130,0.00284543
"770",1984,"F","Phoebe",106,5.879e-05
"771",1984,"F","Joey",58,3.217e-05
"772",1984,"F","Chandler",18,9.98e-06
"773",1984,"F","Ross",14,7.77e-06
"774",1984,"M","Ross",1745,0.00093006
"775",1984,"M","Joey",741,0.00039494
"776",1984,"M","Chandler",118,6.289e-05
"777",1984,"M","Rachel",83,4.424e-05
"778",1984,"M","Monica",26,1.386e-05
"779",1985,"F","Rachel",16358,0.00886179
"780",1985,"F","Monica",4991,0.00270383
"781",1985,"F","Phoebe",117,6.338e-05
"782",1985,"F","Joey",48,2.6e-05
"783",1985,"F","Chandler",14,7.58e-06
"784",1985,"F","Ross",14,7.58e-06
"785",1985,"M","Ross",1885,0.00097982
"786",1985,"M","Joey",763,0.00039661
"787",1985,"M","Chandler",120,6.238e-05
"788",1985,"M","Rachel",77,4.002e-05
"789",1985,"M","Monica",28,1.455e-05
"790",1986,"F","Rachel",15452,0.00837486
"791",1986,"F","Monica",5012,0.00271646
"792",1986,"F","Phoebe",139,7.534e-05
"793",1986,"F","Joey",45,2.439e-05
"794",1986,"F","Chandler",20,1.084e-05
"795",1986,"F","Ross",16,8.67e-06
"796",1986,"M","Ross",1773,0.00092298
"797",1986,"M","Joey",656,0.0003415
"798",1986,"M","Chandler",142,7.392e-05
"799",1986,"M","Rachel",56,2.915e-05
"800",1986,"M","Monica",37,1.926e-05
"801",1987,"F","Rachel",15643,0.00834814
"802",1987,"F","Monica",4810,0.00256693
"803",1987,"F","Phoebe",109,5.817e-05
"804",1987,"F","Joey",39,2.081e-05
"805",1987,"F","Chandler",36,1.921e-05
"806",1987,"F","Ross",7,3.74e-06
"807",1987,"M","Ross",1665,0.00085408
"808",1987,"M","Joey",721,0.00036984
"809",1987,"M","Chandler",198,0.00010157
"810",1987,"M","Rachel",63,3.232e-05
"811",1987,"M","Monica",33,1.693e-05
"812",1988,"F","Rachel",15344,0.00798094
"813",1988,"F","Monica",4461,0.00232032
"814",1988,"F","Phoebe",121,6.294e-05
"815",1988,"F","Joey",47,2.445e-05
"816",1988,"F","Chandler",41,2.133e-05
"817",1988,"F","Ross",15,7.8e-06
"818",1988,"M","Ross",1768,0.00088341
"819",1988,"M","Joey",618,0.00030879
"820",1988,"M","Chandler",224,0.00011193
"821",1988,"M","Rachel",62,3.098e-05
"822",1988,"M","Monica",26,1.299e-05
"823",1989,"F","Rachel",15356,0.00770926
"824",1989,"F","Monica",4503,0.00226067
"825",1989,"F","Phoebe",189,9.488e-05
"826",1989,"F","Chandler",65,3.263e-05
"827",1989,"F","Joey",42,2.109e-05
"828",1989,"F","Ross",10,5.02e-06
"829",1989,"M","Ross",1787,0.0008528
"830",1989,"M","Joey",605,0.00028872
"831",1989,"M","Chandler",301,0.00014364
"832",1989,"M","Rachel",106,5.059e-05
"833",1989,"M","Monica",36,1.718e-05
"834",1990,"F","Rachel",15705,0.0076462
"835",1990,"F","Monica",4453,0.00216801
"836",1990,"F","Phoebe",225,0.00010954
"837",1990,"F","Chandler",84,4.09e-05
"838",1990,"F","Joey",44,2.142e-05
"839",1990,"F","Ross",9,4.38e-06
"840",1990,"M","Ross",1618,0.00075215
"841",1990,"M","Joey",684,0.00031797
"842",1990,"M","Chandler",396,0.00018409
"843",1990,"M","Rachel",40,1.859e-05
"844",1990,"M","Monica",19,8.83e-06
"845",1991,"F","Rachel",16343,0.0080384
"846",1991,"F","Monica",4156,0.00204415
"847",1991,"F","Phoebe",233,0.0001146
"848",1991,"F","Chandler",90,4.427e-05
"849",1991,"F","Joey",60,2.951e-05
"850",1991,"F","Ross",6,2.95e-06
"851",1991,"M","Ross",1446,0.00068234
"852",1991,"M","Joey",652,0.00030766
"853",1991,"M","Chandler",467,0.00022037
"854",1991,"M","Rachel",31,1.463e-05
"855",1991,"M","Monica",26,1.227e-05
"856",1992,"F","Rachel",15837,0.00790152
"857",1992,"F","Monica",4587,0.00228858
"858",1992,"F","Chandler",437,0.00021803
"859",1992,"F","Phoebe",194,9.679e-05
"860",1992,"F","Joey",54,2.694e-05
"861",1992,"M","Ross",1277,0.0006085
"862",1992,"M","Joey",573,0.00027304
"863",1992,"M","Chandler",553,0.00026351
"864",1992,"M","Rachel",26,1.239e-05
"865",1992,"M","Monica",24,1.144e-05
"866",1993,"F","Rachel",15971,0.00810227
"867",1993,"F","Monica",3900,0.00197852
"868",1993,"F","Chandler",733,0.00037186
"869",1993,"F","Phoebe",214,0.00010856
"870",1993,"F","Joey",53,2.689e-05
"871",1993,"M","Ross",942,0.00045618
"872",1993,"M","Chandler",661,0.0003201
"873",1993,"M","Joey",653,0.00031623
"874",1993,"M","Rachel",26,1.259e-05
"875",1993,"M","Monica",24,1.162e-05
"876",1994,"F","Rachel",15486,0.00794552
"877",1994,"F","Monica",3911,0.00200665
"878",1994,"F","Chandler",570,0.00029245
"879",1994,"F","Phoebe",247,0.00012673
"880",1994,"F","Joey",53,2.719e-05
"881",1994,"M","Ross",838,0.0004112
"882",1994,"M","Chandler",704,0.00034545
"883",1994,"M","Joey",554,0.00027184
"884",1994,"M","Rachel",25,1.227e-05
"885",1994,"M","Monica",21,1.03e-05
"886",1995,"F","Rachel",16044,0.00835095
"887",1995,"F","Monica",3968,0.00206536
"888",1995,"F","Chandler",744,0.00038725
"889",1995,"F","Phoebe",396,0.00020612
"890",1995,"F","Joey",67,3.487e-05
"891",1995,"M","Chandler",1856,0.00092293
"892",1995,"M","Ross",1047,0.00052064
"893",1995,"M","Joey",507,0.00025211
"894",1995,"M","Rachel",28,1.392e-05
"895",1995,"M","Monica",12,5.97e-06
"896",1996,"F","Rachel",16115,0.00840688
"897",1996,"F","Monica",4325,0.00225627
"898",1996,"F","Chandler",493,0.00025719
"899",1996,"F","Phoebe",432,0.00022537
"900",1996,"F","Joey",49,2.556e-05
"901",1996,"M","Chandler",2185,0.00109066
"902",1996,"M","Ross",1041,0.00051962
"903",1996,"M","Joey",470,0.0002346
"904",1996,"M","Rachel",25,1.248e-05
"905",1996,"M","Monica",17,8.49e-06
"906",1997,"F","Rachel",13787,0.00722283
"907",1997,"F","Monica",4223,0.00221238
"908",1997,"F","Phoebe",419,0.00021951
"909",1997,"F","Chandler",416,0.00021794
"910",1997,"F","Joey",56,2.934e-05
"911",1997,"M","Chandler",1796,0.0008992
"912",1997,"M","Ross",795,0.00039803
"913",1997,"M","Joey",441,0.00022079
"914",1997,"M","Rachel",23,1.152e-05
"915",1997,"M","Monica",9,4.51e-06
"916",1998,"F","Rachel",12201,0.00629564
"917",1998,"F","Monica",3229,0.00166614
"918",1998,"F","Chandler",412,0.00021259
"919",1998,"F","Phoebe",397,0.00020485
"920",1998,"F","Joey",71,3.664e-05
"921",1998,"M","Chandler",1952,0.00096293
"922",1998,"M","Ross",789,0.00038922
"923",1998,"M","Joey",403,0.0001988
"924",1998,"M","Rachel",18,8.88e-06
"925",1998,"M","Monica",13,6.41e-06
"926",1999,"F","Rachel",11624,0.00597265
"927",1999,"F","Monica",2133,0.00109598
"928",1999,"F","Phoebe",527,0.00027078
"929",1999,"F","Chandler",447,0.00022968
"930",1999,"F","Joey",70,3.597e-05
"931",1999,"F","Ross",5,2.57e-06
"932",1999,"M","Chandler",2395,0.00117497
"933",1999,"M","Ross",667,0.00032723
"934",1999,"M","Joey",449,0.00022028
"935",1999,"M","Rachel",17,8.34e-06
"936",2000,"F","Rachel",10673,0.00535019
"937",2000,"F","Monica",1990,0.00099755
"938",2000,"F","Phoebe",641,0.00032132
"939",2000,"F","Chandler",326,0.00016342
"940",2000,"F","Joey",80,4.01e-05
"941",2000,"F","Ross",5,2.51e-06
"942",2000,"M","Chandler",2131,0.00102089
"943",2000,"M","Ross",561,0.00026876
"944",2000,"M","Joey",481,0.00023043
"945",2000,"M","Rachel",12,5.75e-06
"946",2001,"F","Rachel",9537,0.00481657
"947",2001,"F","Monica",1793,0.00090554
"948",2001,"F","Phoebe",752,0.00037979
"949",2001,"F","Chandler",240,0.00012121
"950",2001,"F","Joey",95,4.798e-05
"951",2001,"M","Chandler",1792,0.00086678
"952",2001,"M","Ross",503,0.0002433
"953",2001,"M","Joey",435,0.00021041
"954",2001,"M","Rachel",8,3.87e-06
"955",2001,"M","Monica",6,2.9e-06
"956",2002,"F","Rachel",8923,0.00452036
"957",2002,"F","Monica",1778,0.00090073
"958",2002,"F","Phoebe",665,0.00033689
"959",2002,"F","Chandler",223,0.00011297
"960",2002,"F","Joey",92,4.661e-05
"961",2002,"M","Chandler",1417,0.00068602
"962",2002,"M","Joey",448,0.00021689
"963",2002,"M","Ross",425,0.00020576
"964",2002,"M","Rachel",15,7.26e-06
"965",2003,"F","Rachel",7981,0.00397974
"966",2003,"F","Monica",1613,0.00080433
"967",2003,"F","Phoebe",688,0.00034307
"968",2003,"F","Chandler",172,8.577e-05
"969",2003,"F","Joey",132,6.582e-05
"970",2003,"F","Ross",6,2.99e-06
"971",2003,"M","Chandler",1270,0.00060475
"972",2003,"M","Joey",494,0.00023523
"973",2003,"M","Ross",377,0.00017952
"974",2003,"M","Rachel",14,6.67e-06
"975",2004,"F","Rachel",6914,0.00342857
"976",2004,"F","Monica",1512,0.00074978
"977",2004,"F","Phoebe",751,0.00037241
"978",2004,"F","Chandler",136,6.744e-05
"979",2004,"F","Joey",121,6e-05
"980",2004,"F","Ross",6,2.98e-06
"981",2004,"M","Chandler",1130,0.00053499
"982",2004,"M","Joey",508,0.00024051
"983",2004,"M","Ross",350,0.0001657
"984",2004,"M","Rachel",34,1.61e-05
"985",2004,"M","Monica",9,4.26e-06
"986",2004,"M","Phoebe",5,2.37e-06
"987",2005,"F","Rachel",6213,0.00306335
"988",2005,"F","Monica",1409,0.00069471
"989",2005,"F","Phoebe",730,0.00035993
"990",2005,"F","Chandler",156,7.692e-05
"991",2005,"F","Joey",146,7.199e-05
"992",2005,"M","Chandler",870,0.00040921
"993",2005,"M","Joey",482,0.00022671
"994",2005,"M","Ross",313,0.00014722
"995",2005,"M","Rachel",13,6.11e-06
"996",2006,"F","Rachel",5527,0.0026457
"997",2006,"F","Monica",1362,0.00065197
"998",2006,"F","Phoebe",890,0.00042603
"999",2006,"F","Chandler",132,6.319e-05
"1000",2006,"F","Joey",127,6.079e-05
"1001",2006,"M","Chandler",753,0.0003437
"1002",2006,"M","Joey",473,0.0002159
"1003",2006,"M","Ross",283,0.00012917
"1004",2006,"M","Rachel",7,3.2e-06
"1005",2007,"F","Rachel",4825,0.00228154
"1006",2007,"F","Monica",1190,0.0005627
"1007",2007,"F","Phoebe",988,0.00046718
"1008",2007,"F","Chandler",135,6.384e-05
"1009",2007,"F","Joey",133,6.289e-05
"1010",2007,"M","Chandler",674,0.00030451
"1011",2007,"M","Joey",470,0.00021234
"1012",2007,"M","Ross",261,0.00011792
"1013",2007,"M","Rachel",7,3.16e-06
"1014",2008,"F","Rachel",4078,0.0019597
"1015",2008,"F","Monica",1061,0.00050987
"1016",2008,"F","Phoebe",959,0.00046085
"1017",2008,"F","Chandler",122,5.863e-05
"1018",2008,"F","Joey",110,5.286e-05
"1019",2008,"M","Chandler",607,0.00027864
"1020",2008,"M","Joey",447,0.00020519
"1021",2008,"M","Ross",258,0.00011843
"1022",2008,"M","Rachel",5,2.3e-06
"1023",2009,"F","Rachel",3582,0.00177066
"1024",2009,"F","Phoebe",1016,0.00050223
"1025",2009,"F","Monica",972,0.00048048
"1026",2009,"F","Chandler",100,4.943e-05
"1027",2009,"F","Joey",99,4.894e-05
"1028",2009,"M","Chandler",579,0.00027325
"1029",2009,"M","Joey",407,0.00019208
"1030",2009,"M","Ross",227,0.00010713
"1031",2009,"M","Rachel",5,2.36e-06
"1032",2010,"F","Rachel",3016,0.00154012
"1033",2010,"F","Phoebe",1038,0.00053006
"1034",2010,"F","Monica",886,0.00045244
"1035",2010,"F","Chandler",116,5.924e-05
"1036",2010,"F","Joey",102,5.209e-05
"1037",2010,"M","Chandler",524,0.00025535
"1038",2010,"M","Joey",404,0.00019687
"1039",2010,"M","Ross",218,0.00010623
"1040",2011,"F","Rachel",2655,0.00137206
"1041",2011,"F","Phoebe",1022,0.00052815
"1042",2011,"F","Monica",776,0.00040102
"1043",2011,"F","Chandler",140,7.235e-05
"1044",2011,"F","Joey",90,4.651e-05
"1045",2011,"M","Chandler",615,0.00030317
"1046",2011,"M","Joey",407,0.00020063
"1047",2011,"M","Ross",214,0.00010549
"1048",2012,"F","Rachel",2413,0.00124623
"1049",2012,"F","Phoebe",1060,0.00054745
"1050",2012,"F","Monica",722,0.00037289
"1051",2012,"F","Chandler",161,8.315e-05
"1052",2012,"F","Joey",83,4.287e-05
"1053",2012,"M","Chandler",595,0.0002937
"1054",2012,"M","Joey",403,0.00019892
"1055",2012,"M","Ross",212,0.00010465
"1056",2012,"M","Rachel",7,3.46e-06
"1057",2013,"F","Rachel",2311,0.00120123
"1058",2013,"F","Phoebe",1059,0.00055046
"1059",2013,"F","Monica",597,0.00031031
"1060",2013,"F","Chandler",195,0.00010136
"1061",2013,"F","Joey",73,3.794e-05
"1062",2013,"M","Chandler",674,0.0003342
"1063",2013,"M","Joey",380,0.00018842
"1064",2013,"M","Ross",193,9.57e-05
"1065",2014,"F","Rachel",2081,0.00106628
"1066",2014,"F","Phoebe",1102,0.00056465
"1067",2014,"F","Monica",575,0.00029462
"1068",2014,"F","Chandler",222,0.00011375
"1069",2014,"F","Joey",117,5.995e-05
"1070",2014,"M","Chandler",730,0.00035708
"1071",2014,"M","Joey",369,0.00018049
"1072",2014,"M","Ross",184,9e-05
"1073",2014,"M","Rachel",5,2.45e-06
"1074",2015,"F","Rachel",1927,0.00099058
"1075",2015,"F","Phoebe",1117,0.0005742
"1076",2015,"F","Monica",555,0.0002853
"1077",2015,"F","Chandler",249,0.000128
"1078",2015,"F","Joey",95,4.884e-05
"1079",2015,"F","Ross",8,4.11e-06
"1080",2015,"M","Chandler",730,0.00035814
"1081",2015,"M","Joey",316,0.00015503
"1082",2015,"M","Ross",158,7.751e-05
"1083",2016,"F","Rachel",1869,0.00096918
"1084",2016,"F","Phoebe",1028,0.00053307
"1085",2016,"F","Monica",517,0.00026809
"1086",2016,"F","Chandler",264,0.0001369
"1087",2016,"F","Joey",153,7.934e-05
"1088",2016,"M","Chandler",652,0.00032313
"1089",2016,"M","Joey",354,0.00017544
"1090",2016,"M","Ross",191,9.466e-05
"1091",2017,"F","Rachel",1591,0.00084858
"1092",2017,"F","Phoebe",1012,0.00053976
"1093",2017,"F","Monica",469,0.00025015
"1094",2017,"F","Chandler",246,0.00013121
"1095",2017,"F","Joey",145,7.734e-05
"1096",2017,"F","Ross",6,3.2e-06
"1097",2017,"M","Chandler",590,0.00030052
"1098",2017,"M","Joey",295,0.00015026
"1099",2017,"M","Ross",161,8.201e-05
