x1,x2,x3,y
11.93293518,15.33661895,-3.048716865,12.31623387
-3.555486774,8.216113613,-10.04467071,10.65536935
4.807569391,12.84207595,5.240488985,7.111641741
2.250372992,7.96130893,7.20826629,7.551376134
4.630526713,14.97513515,-3.269411761,5.668406381
4.228197132,2.703302478,5.863831908,7.229258305
6.21398676,4.302244295,2.355798935,6.645556416
-2.89302098,5.51518727,7.687573981,8.213912838
5.741350966,9.663312,3.760000893,6.862996257
3.395285168,18.21473686,-4.190484883,5.393340794
5.646340472,8.217347068,3.956119765,6.894348724
1.267913419,15.85274398,13.98944002,14.04678029
5.574763737,15.79537267,4.094112016,6.916628075
0.102892536,12.66176582,-11.00444309,11.00492411
11.14119749,15.8609304,-4.85991513,12.15504243
-9.454289794,2.064477073,-1.655313869,9.598107079
8.034221829,18.60173142,-8.572091228,11.74859432
-6.833734249,4.607748589,-7.662736711,10.26730041
9.170130721,10.62384636,9.746415787,13.38222396
-6.854538038,2.441172483,-7.640131763,10.26432195
-7.665852105,18.38638268,4.508124652,8.89317021
6.362700703,13.08156835,12.079012,13.65234379
7.484577987,19.19938222,11.29776959,13.55206646
-2.442741132,18.0160578,7.78377601,8.158072886
0.154288134,5.858395427,7.83276698,7.834286399
5.197153006,16.67857449,-2.613433892,5.81725331
10.66230803,16.40696301,7.775739297,13.19647431
5.868135385,9.298791467,-1.440780393,6.042421786
1.185851649,19.99694983,-11.03907578,11.10258701
9.041702381,0.465814045,-7.678675187,11.86231152
-4.71648452,18.98116598,-9.416001073,10.53120612
2.758053042,1.946039123,-4.483478631,5.263880434
12.60104408,19.63302172,1.34801053,12.67294142
-2.457337297,3.796215148,7.781074115,8.159878736
0.968545533,2.826989542,7.667395912,7.728327149
6.208465318,9.491550555,-0.388868469,6.220631824
3.239526028,2.078202848,13.51926318,13.90197848
-4.720202011,17.77737846,-9.413674279,10.53079154
-7.629458695,11.8899744,-6.685741635,10.14434725
2.884772104,20.92188749,-10.87879669,11.25478243
3.671706904,19.11590878,-4.029397598,5.451373826
4.884346021,7.56404315,-3.000441296,5.732319254
-8.776418809,1.589713882,-4.59648525,9.907229873
6.276321728,15.09607523,2.02728433,6.595611889
11.54563832,9.68034386,-4.034371883,12.23020526
9.302099447,7.398799869,-7.411414464,11.89361671
-2.459396583,3.412624863,7.780690694,8.16013353
8.618016714,9.719996065,-8.079696339,11.81320046
10.91318406,0.506562371,7.353180711,13.1592877
-8.370603152,6.02468275,3.408735422,9.038056998
10.18772965,1.243724443,-6.357194868,12.00848708
-2.232805009,10.11791615,7.819588198,8.132120129
-4.190090274,1.929200256,-9.724421248,10.58873104
6.523129967,11.46498171,-9.583878444,11.59318552
11.88889827,14.15546065,-3.174572878,12.30543843
-8.945598217,8.14804695,2.1161598,9.192489313
4.633631302,14.323993,-10.430731,11.41361854
1.109203107,0.716747876,-4.812739333,4.938905893
-0.959907845,20.7134572,-10.86513522,10.90745555
0.674501036,19.59848564,-4.804746784,4.851859778
6.273032462,12.5967373,2.047221966,6.598640318
4.480037676,17.41849217,13.0596433,13.80670202
10.64008684,15.7947616,7.81149411,13.19965485
10.72194858,4.892066795,-5.57901454,12.08658697
5.8414525,11.37114118,-9.937260841,11.52699962
6.296453072,6.5594091,0.087361279,6.297059098
12.40324813,18.22364807,3.253713483,12.82291759
-2.654615394,16.80958716,-10.41290507,10.74595621
-7.735376824,17.33287485,-6.534896123,10.12624916
12.03154283,8.723663236,4.774104913,12.94411452
-9.204781956,5.606975772,-3.260579508,9.765213238
1.505586319,17.71752443,-4.785940776,5.017172438
-0.964342351,13.5645664,7.916678232,7.975195948
-5.030537999,19.49458342,-9.211618335,10.49572413
-7.101434382,3.446357781,-7.360983777,10.22812067
6.294629057,8.241482111,1.908347139,6.577548462
-6.155665581,6.318566496,-8.332016861,10.35928201
-0.874425323,15.93636811,7.915850389,7.964000692
5.371023707,0.478875485,4.450175459,6.975095503
2.889979418,6.605807225,-4.431177368,5.290303763
2.369648176,3.084339624,-4.613909118,5.186847774
0.942107248,3.477056358,14.03858282,14.07015898
-9.474709868,4.124534811,-0.77330335,9.50621508
12.39228439,9.046357011,-1.308475344,12.4611725
0.189626959,19.63550833,-4.748516939,4.752301706
1.561143553,20.0519571,-4.779595655,5.028091469
-4.368283169,3.436633782,7.175776145,8.400813123
11.58799012,10.39254522,-3.937834789,12.23879316
9.971417001,6.118258552,-6.638340887,11.97901193
4.118198699,6.562201729,-10.5940453,11.36632554
-4.648479937,17.50302976,7.041479235,8.43746381
5.013178686,7.90367926,12.81897614,13.76437829
-9.316208782,19.3989173,-2.740208846,9.710843969
-3.915383491,11.43918887,-9.869636688,10.61790734
-8.298164883,7.85796178,-5.615616698,10.01971513
11.41126407,6.096149388,-4.326633137,12.20396255
0.631752446,15.61295323,7.746895843,7.772612582
3.947247664,19.34842254,-3.845583021,5.510832323
-4.458558259,18.56997578,7.133901832,8.412567806
-7.754453706,2.920082942,4.387908283,8.909842388
-0.571159853,15.4327032,-10.92844293,10.94335819
12.57043446,18.55382779,1.943187933,12.71974064
-8.113936223,6.930229671,-5.941733482,10.05684632
-9.46695019,6.502705819,-1.437600828,9.575481295
-8.883420979,11.65246365,2.286200031,9.172888251
1.518955121,12.77041831,-11.02833223,11.13244522
-7.631181227,0.901767053,-6.683334742,10.14405689
5.06769686,9.537214134,12.79280773,13.75999568
-4.720283242,4.559623864,-9.413623412,10.53078248
-6.292033073,5.051744451,5.959736845,8.666495454
-3.935978971,4.83974459,7.358631649,8.345141713
4.415591089,20.43677451,-10.50311895,11.39354871
-1.284175596,3.209213514,7.911352304,8.014898767
6.294987877,3.694044146,0.077287484,6.295462313
11.33048582,20.73542023,6.556974602,13.09098258
-8.671069655,20.34136333,-4.848673242,9.934640465
5.483509112,15.39874948,-2.187267639,5.903643951
-9.060179046,20.67736821,1.771319801,9.231707219
8.234690591,0.967318922,-8.410276506,11.77042395
4.42465964,4.389668657,-3.463516581,5.619035508
12.09053009,12.98895236,4.578378647,12.9283591
-8.793208223,5.488149748,2.516038818,9.146089994
-9.354917292,14.35305563,0.519326834,9.369321101
7.697287347,19.79792661,11.12966781,13.53210028
-9.353426905,14.85085823,0.52843008,9.368342074
-4.088885633,19.99151878,7.297233756,8.364723917
-0.251959985,16.93140443,-10.96971642,10.97260964
12.2468195,2.010598374,-1.980995116,12.40600377
7.121960065,4.681338706,-9.223477537,11.65310487
2.360170786,14.9025187,7.156255519,7.53540969
1.300479965,10.50483726,-4.803849898,4.976768226
6.742915818,17.11857971,-9.457295459,11.61496238
3.032144914,9.407282839,-4.370073991,5.318970715
1.213327014,14.23788017,-4.808835529,4.959542477
1.869244057,13.45648335,-4.732776325,5.088540566
6.358252541,12.69050572,1.175413732,6.465985834
11.34433519,19.91770911,-4.465014382,12.19140248
4.441449571,6.352072617,-10.49478937,11.39592375
-6.950442751,16.74213541,5.346750801,8.769059161
-7.229649103,8.831169496,-7.207537549,10.20864456
-8.072483219,15.74622862,3.917743396,8.972942585
3.693531027,0.808796209,-10.70863273,11.32770879
11.45205042,7.603535691,-4.240049818,12.21177633
4.694367184,3.393829962,-3.20504503,5.684135546
-0.335061878,16.49120222,7.889314577,7.896426467
-0.503990662,7.795143072,7.901621788,7.91767854
-9.431200861,16.48813079,-0.062531658,9.43140816
9.442764265,5.105021947,9.43922263,13.35158121
-0.961247801,9.298256903,7.916666724,7.974810929
1.647201097,20.34480838,-11.02151945,11.1439294
1.120658046,5.428884831,-4.812419368,4.941179477
-3.185641694,18.94532908,7.610573791,8.250402804
6.334097495,14.74116581,1.574145545,6.526769896
5.297310541,7.633796682,-10.17955163,11.47539848
6.349039725,1.8661899,0.598704214,6.377205671
2.63248624,20.13872927,-10.91929984,11.23214551
5.93667367,4.623079351,3.295273459,6.789913213
11.71811929,15.8594554,-3.625938256,12.26628501
-4.240535002,9.179934563,7.232819325,8.384259806
5.660365025,14.75528362,-1.876011082,5.963149318
-8.800307413,10.33592197,2.498597595,9.14813645
0.311463517,15.16797859,7.80790217,7.814111966
9.116992313,2.864463032,-7.603121614,11.87126813
-5.717540509,9.767852415,-8.704569097,10.41440313
9.822682555,11.53246072,8.976982367,13.30681423
-6.002858699,2.905506933,6.191707932,8.623894693
-5.417344866,14.017047,6.603171303,8.541047749
1.112043915,7.349362865,-4.812662509,4.939469819
-9.340612618,20.62487309,-2.603178325,9.69657576
5.585677184,2.21840039,4.073560399,6.913297616
12.58227564,14.34393683,0.225588737,12.58429778
5.590839806,0.707778983,4.063779297,6.911714108
-7.831745119,12.46888266,4.279457134,8.924684027
5.588324337,3.757519058,-2.008196372,5.938200196
3.347466807,3.660753355,-4.216144735,5.383438535
3.987429155,17.00975123,-10.63122323,11.35440437
6.205523055,1.412942476,-0.401841381,6.218520152
0.0139824,8.470455963,7.852188486,7.852200935
5.28448232,16.54878753,4.587822388,6.998133155
4.630824634,7.229366938,-3.269116192,5.66847929
-9.150951945,10.64125975,1.459531803,9.266615055
1.754236657,9.098605857,-11.01469316,11.15351118
6.023952508,9.942061299,-1.037457665,6.112636275
2.35301888,9.274662677,-10.95730478,11.20710604
1.113137556,20.22419544,-4.812632489,4.939686902
12.60573756,16.7943075,0.927002163,12.6397766
7.325966179,17.64978019,-9.089106721,11.67397282
2.254892146,0.900961273,-10.96894885,11.1983203
5.193805948,2.492366216,-10.22185703,11.46568713
-7.735994081,1.763441092,-6.533999633,10.12614219
2.211701901,8.94600352,-4.657266418,5.155749779
-4.163388862,2.220183579,-9.738993095,10.59159069
6.045766816,4.021717597,2.982711422,6.741503083
10.71181497,11.42877096,7.695149939,13.18932571
12.13477009,9.869016486,-2.404693684,12.37073955
6.35893335,2.381550387,1.150589386,6.462189203
-8.629227761,0.953276005,2.8930788,9.101289836
0.817015915,1.142421919,7.705146174,7.748341278
2.495074666,9.810238121,7.089317683,7.51557202
4.390994225,10.31771452,5.703375796,7.197869529
1.38244317,17.59880292,-4.797733414,4.992934511
-5.925008816,6.10351574,6.250738529,8.612633838
-4.920709953,15.71031761,6.898423352,8.473584317
0.33127572,1.81917348,-4.770234956,4.781724076
3.720988699,9.188083272,-3.998294961,5.461878752
11.16046657,16.62123008,-4.82393928,12.15838823
-0.047170754,11.1037994,7.859841505,7.859983051
12.54033103,5.816353341,-0.285768105,12.54358663
2.409946216,7.165444638,-10.95014534,11.21220423
3.971198926,2.145123471,-3.828424302,5.516090423
10.14584703,20.57565244,8.547585451,13.26647764
-9.007978031,19.65481135,1.934117995,9.213277409
6.162558851,9.402994147,12.2015346,13.66947615
9.3072426,11.30026917,-7.405963147,11.89424461
7.204183551,11.98115687,-9.170058887,11.66148535
-8.964766098,15.23780929,-4.087256599,9.852547777
0.658353638,17.12562533,-4.803687781,4.848592147
0.686157651,4.236461539,7.735132839,7.765506574
3.318370738,14.19057046,6.601022653,7.388171926
-0.778104555,14.39846798,7.913828318,7.951988767
6.211537808,8.993725057,2.367073249,6.647272952
-9.426952717,5.182202512,-1.971889788,9.630980577
5.00026811,5.516826365,12.82512993,13.76541459
3.664794114,1.075945265,-4.033700846,5.44990444
12.06459168,12.72356838,-2.643018825,12.35070528
9.687900127,1.545251485,-6.982323228,11.94186947
5.136966276,4.839043235,12.75913084,13.75441174
0.322794463,11.61589258,-11.02013073,11.02485726
5.698284692,0.975291413,-1.803032633,5.976736158
1.854637848,4.554708527,7.378188401,7.60771619
4.615956335,14.85100095,-3.283813112,5.664846109
-9.423553143,15.77180181,0.011476291,9.423560131
9.402532851,17.72475466,-7.303698362,11.90594951
9.766478341,3.48468799,9.048092397,13.31360489
-6.337345874,20.01104921,5.921486875,8.673290007
0.911931859,13.16636282,-4.813990272,4.899604275
3.016375667,19.21866309,13.58794498,13.91872016
8.473776979,5.222992438,10.45263491,13.45594563
4.843076298,20.14841712,5.197006781,7.103820628
5.222814015,3.540421042,-2.578415195,5.824603948
11.71550776,9.390440392,5.674533574,13.01742883
0.118490789,3.215175823,7.837969656,7.838865249
8.335301665,1.27606553,10.58121528,13.46994323
12.50561186,11.88791037,-0.587672908,12.51941242
-8.968446028,17.10505713,-4.076372421,9.851387531
-6.766545401,3.452166671,-7.734822581,10.27684859
5.864079885,13.58171437,-1.450223837,6.040743504
-8.064009557,10.45660191,3.931148256,8.971185916
11.45470255,1.701425018,-4.234357991,12.21228882
1.166691179,16.20290001,7.61303721,7.701915597
-6.684655817,3.501014235,-7.820830803,10.28834379
9.722001698,3.742751453,-6.942312722,11.9462556
-8.948619407,19.59395844,2.107623134,9.193468582
-6.256071877,17.30339943,5.98971533,8.66112724
6.197447967,20.38796349,-0.436796424,6.212821615
4.210319288,8.750722173,5.880839449,7.232638601
3.849656416,4.422742564,-3.913496711,5.489563829
-2.192057006,4.311599259,7.825881322,8.127086341
-7.819871695,14.06738585,4.296343038,8.922385153
-5.527854917,12.08114992,-8.853396208,10.43742326
-5.142325219,8.47518766,6.772339523,8.503416447
6.329743942,6.188327716,-9.690031487,11.57421136
7.797903076,13.39031386,-8.753751648,11.72328709
-5.200001567,9.217027417,-9.094508165,10.47616796
-1.357984366,7.790436482,7.908292491,8.02403961
6.358735173,6.706155056,0.818341336,6.411177391
2.540028277,2.896006686,-4.560932377,5.220521794
12.43691619,19.96099656,3.058720245,12.80752333
-9.356503028,19.3701345,0.509578543,9.370369214
1.730749515,3.695981788,-11.01627998,11.15140881
6.01394719,4.487367258,-9.853246349,11.5435707
4.090696533,2.015802618,-3.739818513,5.54256625
-8.397826481,9.639913318,3.358150975,9.044372149
-8.767175109,18.49994029,2.579129702,9.138668908
1.443220646,8.271924544,-11.03165645,11.12566087
-9.473345457,15.64279793,-0.721105958,9.500750915
3.919648129,8.718478545,6.141777595,7.285950417
12.1539333,15.17136239,-2.336360446,12.37645647
-8.397412812,18.28712194,3.358925455,9.044275656
6.192827871,0.151936697,-0.456387739,6.209622115
-9.452417576,16.17115798,-1.681675927,9.600845377
-3.556935028,11.69133392,7.495931874,8.297034497
12.39886494,0.962661188,-1.273081913,12.46405188
4.743123118,12.98977237,-3.154454217,5.696296895
5.964552919,19.56073574,-9.877668746,11.53881412
5.039228318,15.28320527,-2.817459105,5.773378374
-3.593668567,7.586969811,7.483535824,8.301672253
-3.98516847,20.35171601,7.339264403,8.351429202
-6.268649601,13.97176433,5.979267781,8.663002425
6.359160163,20.40200411,0.835056537,6.413753768
1.14605035,20.55798512,7.618967569,7.70468028
-0.024920248,7.526523571,-10.99327918,10.99330743
-3.533324218,10.00805606,-10.05490556,10.65765011
4.285719836,5.39648843,-3.583882655,5.586735129
-9.452291197,5.061162081,-0.307409128,9.457288683
2.85132794,13.98738524,-4.446933562,5.282545705
12.09949814,10.27133274,-2.526692693,12.36050287
9.17959065,17.13261111,-7.539254012,11.87877248
1.268162728,1.00150071,7.582965306,7.68827676
11.43348514,14.21478662,6.337670779,13.07251519
-6.799299731,16.19984496,-7.699854954,10.27220732
2.322913641,19.78965303,-4.627308913,5.177636097
1.269052642,13.31784727,7.582694786,7.68815679
4.945132155,1.895814494,-10.31871681,11.44247563
5.018359673,1.018953337,4.971363316,7.063879035
1.585348028,2.746090861,7.47891672,7.645098016
-0.382604264,13.82068536,-10.95398032,10.96066015
10.03122605,20.37488798,8.704066881,13.28104952
-8.710051178,10.00476697,2.713074269,9.122815548
1.035816932,13.79692015,-4.814146031,4.924319113
12.59721741,8.747598153,0.528475017,12.60829776
12.3654483,0.2154461,-1.447289117,12.44985773
7.652697777,2.971833372,-8.86071564,11.70794879
-3.467322477,5.677707079,7.525368144,8.285740213
-9.443524108,3.326169762,-1.795114473,9.612626256
6.301959927,4.585544785,1.856111191,6.569615489
4.114181279,8.904538495,-3.721802249,5.547819354
2.735779411,1.231340912,-10.90343029,11.24140921
0.519367688,9.470519601,7.769898514,7.78723736
-1.326089509,0.261874013,-10.79214503,10.87331172
7.779987482,1.951680313,11.06241016,13.52424208
2.413925542,17.20502327,7.129989173,7.52753493
1.809203194,0.153853132,7.396005996,7.614073869
4.268862901,17.20489641,5.824704741,7.221521708
2.776671319,12.96565755,13.65718122,13.93658863
6.144681457,19.79013152,-0.645596511,6.178503465
-4.590245442,4.535083133,-9.493742069,10.54521179
3.299316597,8.444223102,6.614023888,7.39126525
4.806328555,17.57702453,5.2419958,7.111913537
-5.479330394,5.938468672,-8.890341023,10.44323825
3.58512676,1.029685977,6.409448225,7.343988047
-9.119424007,6.781799104,1.5725569,9.254016934
0.077738648,19.47474809,-11.00236517,11.0026398
6.341150285,19.67770904,1.491490366,6.514194536
-7.081105195,10.27436565,5.20882807,8.790559746
-9.298627492,14.28573876,-2.832466589,9.720459877
4.626666915,8.016878857,-3.273237078,5.667462193
5.136305361,3.352285472,-2.694311397,5.800081609
8.393603434,4.121829882,-8.276713859,11.78798417
6.078174324,16.91697163,2.87901582,6.725543488
11.77337331,18.74805322,5.524539849,13.00510898
5.742304376,14.02345423,3.757948918,6.862670006
12.60590375,16.51983123,1.023244473,12.64736488
-4.569452347,10.61323569,7.080657831,8.427076009
11.70237701,5.160640548,-3.664993962,12.26286298
6.226165677,15.81369872,2.298246994,6.636797291
4.799415524,17.18548139,5.250375134,7.113425927
6.705428082,6.459525059,-9.479342062,11.61123127
10.76739458,13.23737376,7.603096743,13.18119366
5.67916988,14.96506845,-1.84013126,5.969845356
0.762330393,7.037184203,14.06236118,14.08300926
-2.191556948,14.47305894,-10.56617664,10.7910616
12.08486264,12.90857631,-2.575974251,12.3563566
-9.252705592,12.75527155,-3.053516655,9.743537588
-8.285076828,3.351925996,-5.6397552,10.02244166
-5.851832853,17.66535087,-8.594796958,10.39781143
1.696969645,17.06626547,-4.761391571,5.054755748
6.217746443,19.96565324,2.338301636,6.642892846
8.606554732,7.82392847,10.32586781,13.44233352
-8.876779674,19.56086888,2.303763825,9.170853021
-5.917977453,18.87890319,6.256001588,8.611620812
1.115235874,17.3857388,-4.812574199,4.940103388
3.615387502,4.612052065,13.3941679,13.87352733
3.731437197,11.41400844,-3.991604266,5.464112752
-7.604508581,10.92327185,4.588931308,8.881826462
11.43819827,9.776954246,-4.269654491,12.20910845
-8.776835836,17.37476236,-4.59544658,9.90711747
5.666524111,10.23944023,-10.018863,11.51030457
-7.957550833,2.656255019,-6.19798622,10.08650824
6.049943244,5.326068381,-0.96057367,6.125725674
1.361298208,19.37382436,-11.03466809,11.11831968
-9.47214361,15.70937887,-1.307150467,9.561911258
-1.086511457,17.37607103,7.916166442,7.990381611
0.264106053,12.41548752,-11.01637826,11.01954364
12.57314292,18.81119869,0.089121957,12.57345878
-6.94134045,4.721242353,5.356137528,8.767577571
6.345454634,11.66786616,1.433569104,6.505375845
-9.476768891,3.501821507,-1.094352359,9.539746102
4.534729675,7.257362485,5.552758121,7.16916285
3.54480077,13.54141807,-10.7446043,11.31424474
6.324405573,7.071845555,0.308494003,6.331925015
10.24284819,16.4791372,8.411293769,13.25389761
-7.115868937,9.660128544,5.171101893,8.796356377
0.769148056,13.02726194,-4.809848099,4.870957551
1.275600944,1.980636173,-4.805432704,4.971854909
3.596596532,6.686659559,-4.075380997,5.435461055
1.460204706,8.178282807,-4.790650661,5.008246354
3.457461949,0.322133257,-4.156169326,5.406272893
-9.2039832,5.871554058,1.255448345,9.289211877
5.632463397,11.70201652,-1.928168585,5.953358549
8.901486258,20.18893171,10.03137956,13.41137702
1.060764472,20.11092852,7.642808232,7.716070175
-6.126490353,0.706790612,6.095036882,8.641953404
-7.597159353,17.90398194,4.598484199,8.880477868
-8.977366442,14.97264649,2.025011751,9.202922407
3.369766539,17.40800158,6.565511948,7.379788186
-1.886984214,1.033966403,-10.65447574,10.82028478
-4.147903702,17.24045103,-9.747398142,10.5932467
2.339392267,16.64383728,-4.622639204,5.180883071
-9.299849612,14.92138018,-2.826207765,9.719807258
4.035229006,2.117112772,6.041415309,7.265106473
4.10408927,17.99074037,5.979530982,7.252471268
10.0388443,10.38377375,8.693814315,13.28009045
-5.922706256,10.48861338,6.252463263,8.61230203
0.877734063,7.631604717,-4.813385728,4.892759881
1.925944187,16.47498187,-11.00157244,11.16887896
2.171287541,20.45200131,7.244389537,7.562781853
3.401045634,0.509478718,6.543580953,7.374656812
-2.34515271,15.06603261,7.801131098,8.146004397
6.780793115,12.10347152,-9.43482654,11.61873948
-4.09209674,19.91443581,-9.777412326,10.59920032
-9.350908291,10.85253349,0.543686903,9.366700663
4.265336198,20.85279559,-3.600871687,5.582057845
0.759235465,11.02760401,-4.809402181,4.868961679
-6.770813524,16.18986875,5.526926022,8.740184611
-5.851647526,13.16129779,6.305100088,8.602096599
-9.456356348,18.90555668,-1.62493513,9.594951253
6.03368576,16.68671581,-1.009062083,6.117480702
-8.44125273,7.329832762,-5.340707452,9.988889014
7.17745552,10.45557298,-9.187531836,11.65875675
12.31185742,18.33509615,-1.702263206,12.42897957
10.75301681,1.855841948,-5.529449401,12.09140939
5.857188567,18.26149893,3.496283614,6.82133836
-9.361119079,8.986388413,0.480821857,9.373459344
-6.940595077,15.84591346,-7.545151895,10.25188652
-4.521143959,17.35272887,7.104099178,8.420746275
5.336090484,8.731318862,-2.416847523,5.857901809
11.5524583,1.833416015,-4.018978581,12.23157724
-0.683405721,18.8810542,-10.91164493,10.93302513
6.27457503,3.124086585,2.037919639,6.597227317
-8.3652258,12.01124622,-5.489371486,10.00550858
-8.253839443,20.36985722,-5.696735123,10.0288911
1.067429026,2.358044089,-4.81367656,4.930607138
-4.771265587,6.384284994,-9.381493475,10.52508409
4.590426217,17.22170449,5.491953176,7.157762398
3.416897835,0.746315138,6.532372928,7.372047673
3.77590558,8.439394809,6.260781873,7.311282556
-0.663569005,17.4513968,7.90989175,7.937676696
3.351929846,1.515287507,6.577909283,7.382704398
10.42198568,2.795445721,8.149569569,13.23001397
1.806754966,3.10361137,-11.01096403,11.15821188
-1.398320776,16.3367851,7.906330333,8.029032341
3.674372687,5.585565291,6.341172447,7.328811816
4.454701279,9.43907259,5.637704817,7.185268199
8.088305351,6.86105274,10.80181577,13.49443987
11.00546646,10.24149714,7.188148876,13.1449525
-7.539284051,4.9252493,-6.809705407,10.15937457
6.168128914,18.48119189,-0.556598958,6.193191156
-1.330860139,10.79314982,-10.79110725,10.87286459
11.69968494,16.08701395,5.714607787,13.02072847
-1.609609417,4.82905926,7.892702283,8.055159328
1.176930717,8.140217049,-4.810454288,4.952336456
-0.49983146,4.316600187,-10.93849747,10.94991134
12.33728843,2.615508436,-1.584575867,12.43863202
1.909485912,19.30857317,-11.00294603,11.16740605
9.622009692,17.83813075,9.22641432,13.33078361
11.6257718,16.41135507,-3.849746687,12.24659624
-9.477291624,2.659605442,-0.987471043,9.528596727
6.246098372,15.37068792,-0.209738499,6.249618798
4.749737919,10.86337001,12.94130998,13.78540948
11.65509243,11.28979332,5.8255086,13.02987835
-8.257273451,5.438554387,-5.69051404,10.02818602
2.774126851,14.40965211,-4.477328805,5.267091514
-9.448810062,19.92054555,-0.261264314,9.452421416
-7.92616243,5.966227003,4.142123585,8.943223058
1.998066346,0.073379574,-10.99526293,11.17533338
-5.251707674,10.74875443,-9.057780654,10.47013963
8.241487009,4.336529295,10.6662958,13.47931653
-1.73052188,10.6515536,7.882369499,8.070096338
10.61316877,0.242934221,-5.748467178,12.06997209
-9.47388305,16.32002218,-0.740386646,9.502769725
4.660641404,16.02998298,12.98116457,13.79246939
0.062019151,15.50984115,-4.725106679,4.725513677
4.737184373,8.027328116,-3.160684607,5.694808423
-5.189507408,13.98595573,6.744337325,8.509822154
6.352815227,17.49667681,1.311320649,6.486742106
4.68846772,2.268432666,-3.211081151,5.682672938
3.313508601,5.800883894,6.604348601,7.388962018
-8.907757492,15.20015435,2.220883156,9.180439288
5.681960815,9.287688074,3.884451045,6.882851054
3.219924522,6.327697345,6.667258989,7.404070256
5.199972494,2.25077823,12.72807974,13.74931736
9.398296117,3.580572465,9.4906447,13.35665777
-5.700096953,0.632135998,6.413629732,8.580544948
4.697563469,12.06993962,5.370867179,7.135356809
10.41289818,19.64566736,-6.045038002,12.04038758
4.867332394,10.12419675,5.166890671,7.098428266
12.35706334,12.96038943,-1.489000909,12.44645083
5.975395305,4.254890384,12.31188966,13.68531973
-5.674181123,10.08464793,6.431692339,8.576887416
12.45947748,8.193672369,2.916753199,12.79632871
3.635544405,8.031466513,-4.051748526,5.443698122
4.252398846,9.813233898,-3.611568449,5.579096935
-8.164095331,20.97677186,3.76933909,8.992239418
1.483652584,1.693842963,13.95256889,14.03122959
-8.367879599,10.53036277,3.413753797,9.037429057
1.54534556,20.9393553,-4.781464845,5.024987459
-9.33409378,10.02851596,0.641770925,9.356130429
9.344383827,6.754575126,-7.366390486,11.89879061
-8.091481783,14.12318253,3.887495453,8.976898035
6.068002834,11.64829932,-0.905047851,6.135125916
7.861140745,11.47132595,-8.70607526,11.73001621
-1.524915145,16.44281555,-10.74697483,10.85462271
0.617928571,6.294268705,7.749819282,7.774415388
0.435553976,7.148496998,-4.783404995,4.803193793
7.993865127,17.62372281,10.88332915,13.50365628
12.55982867,19.96084847,2.075252096,12.73012048
-9.193376996,1.535988386,1.297838587,9.284533676
11.79379955,14.2146871,-3.432505574,12.28315116
11.06445015,7.647450706,7.079649659,13.13558131
-7.109215089,1.198898913,-7.351844816,10.22695269
-6.804047771,8.264372966,-7.694758739,10.27153241
-9.025445212,13.24768076,1.880794445,9.219330183
-1.807033894,8.010293937,-10.67605316,10.82790297
-2.403295225,0.047919722,7.790939548,8.153193667
-3.429610732,6.737332194,7.537416821,8.280995236
0.607023442,5.911508303,-4.799954423,4.838185602
9.671694114,14.40305714,9.165795486,13.32491928
5.055045109,15.76025741,-2.797863963,5.777674602
2.867667747,10.3845956,-4.440316806,5.285823649
1.742048666,6.356717336,7.42172393,7.623432275
3.55408009,5.900421669,6.43269263,7.34921899
-1.951990068,5.864006327,-10.63644441,10.81407485
6.246769997,8.200513123,-0.20628255,6.250175029
5.178796399,19.99648022,4.746776471,7.025084982
12.55445841,1.930126043,2.136280293,12.73491733
5.223577889,18.92442776,-2.577364206,5.824823792
-8.145611065,13.04203808,3.799809221,8.988299603
2.341145289,3.475467476,7.16542465,7.538187559
0.518950464,2.526698535,-4.792241749,4.820258351
-6.014079424,13.05055258,6.183083713,8.625524651
-3.114980152,9.732701723,-10.23673798,10.70018252
-1.401422196,11.61696623,-10.77549396,10.8662438
0.80224328,10.11183302,7.708651919,7.750284426
-2.283016436,4.411618102,7.811540104,8.138324327
-9.35064127,3.192131669,0.545295233,9.366527587
-7.988974284,12.56646622,4.047604204,8.955825473
-9.225674376,16.35449693,-3.172831294,9.756019993
11.31197252,5.847941865,6.595299884,13.09422403
4.378669561,11.82493476,-3.50425937,5.608260056
0.811459899,14.19832316,7.706468307,7.749072263
2.555749092,0.742413765,7.058093805,7.506566565
3.962274076,0.99832945,-3.834841073,5.514129298
-9.306538778,9.853973845,0.790447699,9.340046659
3.553668487,11.47940599,6.432999065,7.349288175
6.168654792,0.310904165,-0.554538646,6.193530097
1.032505146,2.120883864,-11.04064753,11.08882161
1.743173369,19.17772554,-4.754325422,5.063819074
1.150466759,5.219818436,14.00805803,14.05522193
-4.107868563,12.79591563,-9.768973675,10.59752003
6.239600616,0.341859367,-0.242645879,6.244316846
4.087903646,14.50856329,5.994221403,7.255456322
-7.951023541,2.505254502,-6.208316448,10.08771374
5.01711312,17.16817135,-10.29136743,11.4491776
-4.279721266,14.55847496,7.215594638,8.38932775
-8.653541658,2.664524349,2.840021474,9.107661895
-7.568306613,4.784720527,-6.770237685,10.1545745
12.15875674,2.920916897,4.336607888,12.90897105
6.343074162,10.42771975,1.466469297,6.510385705
12.02677873,1.442838388,4.789437314,12.94535115
-4.638286667,12.57461106,7.046590984,8.436121603
0.847428107,0.468662556,-4.812646287,4.886685859
6.212695027,19.51954601,2.361757606,6.646463608
12.50575278,6.783295081,2.585638985,12.77025377
12.551792,12.78419117,2.16539296,12.7372057
1.784981096,10.15440568,-4.747547894,5.07201819
6.632986608,17.01664118,-9.521410454,11.60404104
3.4601602,5.109802066,-10.76412446,11.30659472
12.06644753,9.673891563,4.659649925,12.93489441
-7.699915984,19.66160406,4.462407575,8.899538613
6.355479071,12.30228784,1.253567028,6.477927486
1.697054146,6.154801303,13.91266712,14.0157875
6.932883731,14.40091902,-9.342624742,11.633981
4.259868125,5.730043718,5.833412481,7.22323872
-9.453351525,16.89665777,-0.322099504,9.458837304
-0.315335847,17.31537635,7.887638035,7.893938844
12.41675613,0.967369699,3.177623511,12.81690774
-1.367489731,1.676866916,7.907848562,8.025216324
-9.358900727,15.91697459,0.494713257,9.371966924
10.64724224,18.70918562,7.8000086,13.19863256
2.313738165,3.999519375,7.178517086,7.542180842
-0.663776646,4.923113157,-10.91466881,10.934834
7.785440846,9.283419457,-8.763068199,11.72196457
-0.274838083,15.47088733,7.884038604,7.888827586
6.703990871,1.429163494,-9.480183518,11.61108837
7.17419277,18.99216331,-9.189657624,11.65842396
10.2146008,17.6677986,8.451360919,13.25758541
7.899933307,16.53459233,-8.676494115,11.73415938
-1.50201857,7.567779144,-10.75237773,10.85678067
4.911635436,9.290593266,5.110994974,7.088471788
6.214477696,9.325095864,2.353527255,6.645210574
11.22626474,1.514331571,-4.698843037,12.16996902
2.805535087,8.16003378,-10.89215411,11.24766857
5.243016338,18.13434086,4.651323014,7.008853409
3.673514928,8.214552287,-4.028269691,5.451758306
-9.35977834,16.64163535,0.489233689,9.372555691
12.60592568,9.949599534,0.984981588,12.64434857
2.662242849,9.083860469,-4.518873827,5.244783852
3.137132629,9.32307186,-4.321698849,5.340288575
4.370742729,0.818326289,-10.51740387,11.38943265
6.223880389,0.721948514,-0.318649248,6.232032128
4.571910723,0.182063061,-10.45171924,11.40792719
9.215838717,18.15907124,9.696228553,13.37716455
-5.846003492,14.31304249,-8.599640333,10.39853695
2.193267561,15.53328794,7.234461028,7.559619631
11.27955333,4.740670869,6.661655532,13.09984648
5.850969402,9.885156536,-1.480449653,6.035360314
2.349399085,16.81891998,7.161454959,7.536983029
12.43091867,3.825054146,3.094813218,12.8103711
5.21146177,2.781899584,4.698650657,7.016883337
6.211808591,14.85539266,-0.373966929,6.223055297
0.976158104,9.180386537,-4.814468431,4.912432281
11.84084423,14.66942024,-3.307135062,12.29401214
8.912735811,20.99416903,-7.804986375,11.84713771
1.26656731,17.95354592,-11.03739379,11.10982693
6.289445451,8.293011475,0.040180611,6.289573798
-0.812961739,20.40360617,-10.8907652,10.92106559
-2.453968936,0.757814689,-10.48219157,10.76560745
3.323507744,18.29397033,6.597502437,7.387336606
1.591629601,10.35859069,7.476699026,7.644233978
-6.217616576,20.25915411,-8.275837153,10.35124323
2.514507204,15.72365587,-10.93622023,11.22157116
2.412464941,8.410460878,-4.601207704,5.195295894
-8.438407902,7.372685538,-5.346382856,9.989521388
4.44941914,7.303831684,5.643214312,7.18632023
5.219956527,8.760553142,12.71814714,13.74769846
-8.383355145,20.09367239,3.385137,9.041006359
6.336117821,10.83888998,1.551709617,6.523357401
6.349125999,8.386939988,1.377417315,6.496820716
-0.793630472,9.329133973,7.914233745,7.953926395
1.580224664,6.541291022,-11.02526315,11.13793237
12.32638349,9.751958568,3.644365014,12.85383702
2.179552575,0.567316064,13.80969143,13.98063042
9.625640776,6.074773718,-7.054457917,11.9339154
4.48908904,17.69383181,5.601545501,7.178386477
-8.191628004,3.89201486,3.723438567,8.998153372
12.23299552,4.962709618,-2.036730822,12.40138911
11.08430392,16.67250181,-4.964473259,12.14527843
7.447592293,0.972433293,-9.006027097,11.68653734
1.134606795,16.46247476,-4.811993171,4.94394689
-2.068429297,4.800687143,-10.60304556,10.80291511
12.3291293,5.535061144,-1.622942124,12.43548834
6.669978606,18.38127506,11.88146494,13.62563113
6.359756526,3.368706883,0.862208925,6.417936374
12.16925817,20.7572958,4.297715628,12.90585929
-6.328286248,11.6714747,5.929177188,8.671928792
-4.86294146,15.62239863,6.92984936,8.465873363
-0.795142042,3.952953147,7.914271583,7.954115008
2.651023623,6.309792667,7.007629945,7.492316311
-6.243386383,1.705477816,-8.252196385,10.34787991
-0.593928213,2.18278771,7.906682325,7.928958072
12.49535541,9.979250942,-0.666222049,12.51310348
9.821807508,18.24924391,-6.823119691,11.95921674
6.043625134,15.97408062,-0.979579726,6.122497955
11.09829245,0.449005296,7.016275936,13.13012656
-9.367141822,7.858337534,0.442406955,9.377583368
6.283402962,17.58830691,-9.714759599,11.56968914
-8.32974097,16.26876595,3.483241284,9.028707242
2.653611237,9.868550413,-4.521957305,5.243066895
-5.953983157,15.12224915,6.228931672,8.616815259
-2.717578052,8.642657618,7.728233163,8.19211928
12.56973738,6.600071933,0.043255064,12.56981181
-9.072248587,0.294331996,-3.750028051,9.816741048
5.867103349,9.822238637,-1.443187805,6.041994103
2.317852165,5.475080991,-10.96157911,11.20395713
-8.818390303,6.35182207,2.453697205,9.153394863
3.062486538,1.40731775,-4.356381207,5.325117934
5.832829853,7.442712516,12.39328577,13.69727842
6.031641729,5.798404174,-1.015063624,6.116457807
6.2625157,20.38001278,2.108555303,6.607957957
6.214254409,10.66778299,-0.362954215,6.224844867
6.333981966,10.10965156,1.575402562,6.526961068
-9.321196967,14.99513898,0.713041535,9.348429875
-9.212368824,16.24929366,-3.229130662,9.761917034
-2.933282179,9.865422411,7.677664867,8.218922201
6.146070278,11.90092916,-0.640472995,6.179351546
3.974584546,17.58470574,-3.82598294,5.516834942
3.342289083,11.63051625,-4.218885459,5.382368515
2.045463755,19.18331404,7.299602391,7.580772852
4.047932485,8.07221411,6.030118818,7.262788057
12.02594327,4.509880309,4.792119157,12.94556749
6.360995306,1.868015209,0.977662362,6.435688384
12.32652544,11.59976028,-1.635062035,12.43449465
2.198496872,19.38216702,7.232086367,7.55886643
11.07703429,20.42551965,-4.977658843,12.14404283
4.29885222,5.771674137,-10.53987577,11.38284287
12.57558512,2.651482796,0.123508812,12.57619162
5.184911524,0.314587498,-2.629945621,5.813769989
1.167469946,15.6876294,7.61281223,7.701811224
2.876476546,0.294986313,-4.436722919,5.287591851
-9.477155188,7.548013936,-0.943198564,9.523974695
11.82697349,16.12000448,5.380421501,12.99331511
3.058375926,13.13387302,6.771056098,7.429728393
9.596478465,13.77493647,9.257282867,13.33377985
8.936336525,12.24876784,-7.782158911,11.84989906
1.61576631,10.77792254,-4.77273474,5.038819074
6.129035244,6.747414903,-0.702141202,6.169122732
-5.563610227,17.42393205,-8.825883917,10.43311965
3.933317148,16.65415153,-3.855472763,5.507781224
-9.462151871,9.827607345,-0.459511631,9.473302959
-5.250700063,15.76726378,6.707398953,8.518160122
-3.180412886,17.23140229,-10.20969604,10.69359245
3.451781643,2.089173572,-4.159349409,5.405088714
11.39930787,20.54451834,6.411621695,13.07872749
10.65000921,7.988105597,-5.69177405,12.07555332
12.13551224,17.57957411,-2.402075187,12.37095883
4.482370596,5.459198264,-3.411079047,5.632681992
1.284897116,7.751900277,7.577858455,7.686019734
1.916455029,13.34931482,13.86805137,13.99984459
2.669174084,13.92211643,-4.516385245,5.246162976
9.618341527,19.64589743,9.230860983,13.33121481
-8.366406019,15.12034692,-5.487109957,10.00525489
0.079769055,0.301222094,-4.728584138,4.729256924
7.251893377,0.200351958,-9.138607814,11.66636663
12.01042018,13.52232402,-2.815803875,12.33608302
1.23718773,7.863286297,-4.807626135,4.964262536
1.38351524,6.473163112,-11.03391133,11.12031086
-8.146044803,1.988204111,3.799097362,8.988391775
11.32311307,11.95640842,6.572275546,13.09227618
0.163050281,15.31322549,7.831467593,7.833164753
3.604933579,5.243852543,6.394483531,7.340637965
5.394745704,1.990148962,4.411152461,6.968611572
10.37205922,8.08195385,8.223879722,13.23675981
6.354502554,11.03506118,0.700883797,6.393038465
3.649534942,1.168087446,-4.043148362,5.446664481
5.792996685,20.9910066,3.646164348,6.844948871
12.49349675,14.19497069,-0.680054107,12.51199163
6.2146891,8.744986778,2.352547841,6.645061471
3.012466483,10.96465773,6.799480796,7.436927686
11.71572211,4.208228403,5.673987996,13.01738393
-6.049671715,17.0046777,6.15553164,8.630706671
3.088502665,15.65902327,-10.84176189,11.27309406
6.338298832,13.85124496,0.452206488,6.354409712
11.82856259,4.53425142,-3.340269386,12.29114692
3.190087374,13.05966649,-4.296224851,5.351093853
-3.405535178,16.44277563,7.545004356,8.277968385
-8.804207385,16.77947056,-4.526513153,9.899666105
2.143433455,14.67278765,7.25684945,7.56678075
7.144503322,0.414967655,11.5525846,13.58330367
-9.469672193,15.00169342,-1.37484751,9.56895486
-9.317281709,18.48731766,0.734072029,9.346154299
6.007633112,13.15360669,3.0977334,6.759260894
11.9616368,0.388611352,-2.964239664,12.3234521
-7.099088024,8.866236357,5.189368306,8.793554127
-6.925927989,2.709319716,-7.561509928,10.25401926
-8.042682086,16.4511306,-6.060635385,10.07055293
3.193110279,17.66694618,-4.29474864,5.351711795
3.713622487,7.436056367,13.35948931,13.86603572
3.619003619,18.2666942,-4.061840403,5.440196196
12.45855349,0.681350738,2.922776841,12.79680349
-7.835909692,6.694013216,4.273514606,8.92549202
3.084371452,7.561199323,-10.84255151,11.27272241
-0.412088418,13.01311091,7.895381047,7.906127924
-9.256094883,12.22887417,1.033352473,9.313598113
3.98630535,0.703110936,6.084423275,7.273983567
5.77365786,0.323694981,-9.969311818,11.52051662
-4.862745574,2.635545871,-9.322805426,10.51479888
1.648935881,16.88265313,-4.768266732,5.045330234
0.08620438,1.052998926,-4.729827154,4.730612656
12.51165714,7.3761442,-0.539452943,12.52328128
6.186097552,19.69604413,-0.484425977,6.205035975
10.78707505,8.946623635,-5.474492075,12.09673723
5.569563768,6.532087514,4.103845382,6.918206956
-7.696217596,18.65006249,-6.591350775,10.13299908
1.69147873,19.71582527,7.440609239,7.630449931
-6.337265371,17.28849204,-8.16469251,10.33552786
6.164191334,4.13111823,2.568828943,6.678033913
2.820881321,20.4039192,6.913186934,7.466560454
-8.35936783,18.17214651,-5.500575644,10.00676586
5.090696201,1.832469998,-2.753036844,5.787434637
6.300700736,14.79325205,1.865306777,6.571012033
12.58304026,8.150061525,0.238134824,12.58529342
1.811543174,18.2867679,-4.743052079,5.077226772
7.288779022,18.08713105,-9.114060633,11.67014999
-9.442681288,17.85853912,-1.805039878,9.613656894
-1.920294447,1.083464106,7.86242207,8.093528994
5.415929393,12.4394603,-10.1296061,11.48656654
-0.663438419,12.27851952,7.90988631,7.937660359
7.868743212,14.54015064,10.98900716,13.5157463
-9.07328173,16.74352508,-3.746569228,9.816375213
-1.17596472,9.956083922,-10.82365566,10.88735114
7.990401674,9.437966206,-8.606504263,11.74386796
12.49293244,20.13005924,-0.684230619,12.51165586
-8.551717246,15.13675554,3.056479385,9.081516068
4.765060262,5.229438259,-3.131272899,5.701812806
0.568491669,19.61804996,14.08536075,14.09682837
12.5635301,3.625894622,2.031085483,12.72664908
7.705156692,2.320407501,11.12331451,13.53135489
3.88268432,8.482947282,-3.890867736,5.496734419
-9.462754543,20.67648189,-0.470248027,9.474431737
-8.327550005,9.679589431,-5.560835065,10.01353962
11.31382052,11.71040588,6.591488545,13.09390148
-5.658614311,20.83811507,-8.751567525,10.42160497
11.54731445,14.3894197,-4.030594036,12.23054207
12.35656797,3.765132017,3.498467863,12.84227586
-8.973629141,11.3793106,-4.060970467,9.849746245
0.271008017,12.97838143,-4.761537593,4.769243713
2.163276816,15.00390489,-10.97902573,11.19011941
3.255870777,19.29995953,-4.263556641,5.364569857
3.008856264,4.678482481,13.59018793,13.91928246
-8.043387321,18.48840226,3.963552725,8.966929787
-6.172941298,14.17067841,6.057762031,8.648796743
-9.419914772,18.35710582,0.044807316,9.420021338
9.936703436,20.55923428,8.829585141,13.29284202
6.094935565,19.30394907,2.822920011,6.716927641
6.358772016,12.159604,1.156802347,6.463139579
2.374040571,12.95722137,7.149529296,7.533381564
12.25604692,11.44384167,-1.943161568,12.40913224
2.507162195,2.537696828,-4.571660134,5.21401368
-8.657064308,7.947246781,-4.880781285,9.938148136
2.093038432,10.94574893,13.82947063,13.98696063
5.868357388,6.934231556,-1.440262149,6.042513839
2.53460636,18.71356451,-10.93342829,11.2233722
7.822496531,19.56836571,11.02741349,13.52018122
-9.196785083,3.989421906,1.284309923,9.286027559
6.250402484,13.81767915,-9.732204166,11.56647436
11.736571,8.319573035,5.620573231,13.01299129
-4.900619393,3.987027894,-9.298113093,10.51051747
-1.827756574,8.280681339,7.872719081,8.082103676
-7.098399101,0.644114711,-7.364543007,10.22857583
4.738212667,4.115101233,12.94650823,13.78632419
3.043011609,17.96840166,6.78062072,7.432142154
0.759520278,6.865772185,7.71861754,7.755896323
-7.622798388,14.59804097,-6.695034074,10.14546877
5.441063311,7.533308906,4.333235394,6.955724185
12.50803229,9.937990699,-0.568548471,12.52094721
5.599402489,20.98507464,4.047471444,6.909076156
9.037924218,15.98865863,-7.682430838,11.86186401
6.353854002,14.95747262,1.290114321,6.483506431
12.42572192,8.755898107,-1.122252197,12.47629813
6.213427228,20.64689707,-0.366689437,6.22423803
5.065643856,14.63428629,-10.27261322,11.45370377
6.334169416,16.39399014,0.405712538,6.347149349
-8.971860553,2.669557123,2.041032963,9.201092182
-7.53263768,10.13712254,-6.818687674,10.16046908
-9.250335116,0.259626216,1.059161858,9.310774597
-8.740935989,11.82285893,-4.683641347,9.916675765
5.46999737,1.461763766,4.283346642,6.947512482
6.004245161,0.524220132,-1.093590837,6.103023912
-7.441583458,19.09388059,4.794600944,8.852421283
-8.391071051,9.772145992,-5.439520208,9.999922674
5.031936849,8.302966156,4.953068032,7.060684909
4.448602456,6.565580878,-10.4924732,11.39658097
-1.113666784,0.572206978,-10.8360823,10.89315993
12.42803213,12.61720035,3.111960182,12.81172427
-9.439444346,3.146723016,-0.149652263,9.44063056
4.927339212,3.32363093,5.090899022,7.084908225
4.313209094,18.78121112,-10.53542988,11.38415809
-9.283959516,8.33343272,-2.905942435,9.728124471
12.4873587,17.19221942,2.724974849,12.78122119
-1.606183449,9.441579215,7.892968158,8.054735975
2.350573241,1.040119187,7.160889232,7.536811604
1.189411062,18.41841475,14.00199763,14.05242457
5.873792203,8.547827081,-1.427532683,6.044773313
12.57166891,2.274524025,1.926594607,12.71843646
12.59353111,12.31068871,1.556222422,12.68932047
-8.723178712,0.838149431,2.682814456,9.126408946
11.44022435,6.640899121,6.322944254,13.07127986
1.622186219,2.643460216,-11.0229652,11.14168972
1.209732649,12.92173669,-4.809007543,4.958831176
-5.041984347,1.147969657,6.830526387,8.489858472
12.60058675,14.03515564,0.629982973,12.61632534
5.397013088,10.8374448,-2.324831514,5.876443809
-8.125213571,11.08249083,3.833118387,8.983979749
2.232778253,16.42924341,-10.97145137,11.19634065
-2.409688718,5.00042829,-10.4968859,10.7699217
4.311469636,6.073044163,-3.562181389,5.592665436
-5.569320221,4.5407026,6.503336242,8.562167366
-2.444320267,18.25095875,7.783485031,8.158268248
3.919838098,17.3643814,6.141616137,7.285916516
-7.781163382,20.75651304,-6.467827304,10.11826535
4.066487065,3.449419322,-10.60894999,11.36160803
0.356160227,20.33908238,7.800226135,7.808353082
2.694260993,17.09995631,-4.507284533,5.251157602
4.323739277,15.82678347,5.770911427,7.210973584
5.043077997,6.221110561,-10.28136521,11.45159841
-8.160412981,10.5047982,3.775431109,8.991452612
3.485673282,12.40279195,-4.140239709,5.412162514
-9.184630417,0.674569579,1.332170913,9.280738938
9.931390564,18.55918074,-6.688518532,11.97367106
8.310559098,16.42340023,-8.347108806,11.77877829
11.64451584,4.96973948,-3.80532298,12.25051967
2.637345015,13.08602866,7.014984143,7.494370638
12.32994252,0.865282568,3.627597739,12.85250745
6.214331316,9.388116644,-0.362606371,6.224901372
1.917920894,20.55497786,-4.723563356,5.098085066
4.327783283,7.203888638,5.766901192,7.210191225
12.58017436,0.979400528,0.192122941,12.58164131
0.188535643,7.252648676,-11.011081,11.01269497
-9.464909266,6.936333517,-0.510589942,9.478671294
0.081618149,8.715490935,-4.728942266,4.729646549
-5.447305893,10.84957921,6.583856486,8.545192082
3.135375428,12.52809694,6.722326051,7.417563388
4.986706487,0.323472512,-2.881280536,5.759255083
-6.379071432,12.17322631,-8.125013423,10.32997558
7.309627164,16.82993387,-9.100096366,11.67229211
-4.469555137,8.573269584,7.128711286,8.414003073
-9.389093452,19.94168348,-2.287669726,9.663773002
1.565188606,14.693115,-4.779108751,5.028886142
-7.778534662,0.834548226,-6.471709476,10.11872645
6.360853575,4.052007338,0.94440609,6.43058015
8.369759943,19.0631092,10.54955732,13.46647842
4.75079521,15.52705258,5.308575393,7.123975563
12.31346458,17.73268269,-1.694986531,12.4295772
5.966159132,5.731234583,3.215532219,6.777514459
-7.776012022,18.14582501,4.358003976,8.913953198
1.723635789,14.90289395,-4.757367658,5.059986894
-3.6911363,5.112959574,-9.980668299,10.64134516
-7.839768765,14.8269242,4.267998757,8.92624152
4.680629476,16.17675249,12.97228948,13.79088781
-7.751150125,5.228893899,4.392467701,8.909214374
-9.059672699,3.436402908,1.772950526,9.23152333
4.204142049,15.76260436,-3.650886847,5.568104268
3.617332232,0.733431064,6.385061769,7.338535703
10.98880042,14.18482092,-5.134687424,12.12925182
0.179637032,7.019459047,-4.746816766,4.750214614
-2.023242497,4.458465722,-10.61617518,10.80725153
6.20822946,19.42948335,12.1739921,13.66558439
3.974982577,10.57047543,6.094265861,7.276026585
11.92005064,17.3646374,5.116738649,12.97183957
-9.158020406,6.718659727,1.433402232,9.26951885
-3.356762014,2.117143245,-10.13425456,10.67571856
5.268244419,6.362332996,12.69397895,13.74378044
-7.088899361,8.848854729,5.200408301,8.791856496
6.360182155,7.334948261,1.090464437,6.45298611
3.886235255,8.144082163,6.170001025,7.291895303
-7.085764316,7.808383167,-7.379323301,10.23046765
4.363688718,5.111060738,13.10858616,13.8158174
-8.125130653,11.96484934,-5.922708719,10.05466194
7.216771581,16.4378637,11.49982036,13.57673232
0.124244433,13.58622118,-4.736982473,4.738611571
9.690572496,6.033355864,-6.979200705,11.94221243
-2.554593633,13.23268034,-10.44800059,10.75577356
3.321126789,0.180108763,13.49311637,13.89582932
12.49135046,9.437141937,2.695720178,12.77891794
9.589101892,12.81298679,-7.09625382,11.92927883
11.44313933,12.81736462,-4.259118239,12.21005839
5.10902608,8.303021498,-2.729624947,5.79249513
5.774187544,18.91833071,3.688272089,6.851612423
-1.621798575,17.15199119,-10.72352947,10.8454744
-2.075393421,7.858475053,7.842722385,8.112678489
0.117754062,8.927470552,7.838074945,7.838959424
12.46718852,7.526351859,2.86571373,12.79230647
3.544373444,14.73213355,6.439907152,7.350849423
5.514337937,16.50811934,-2.136094249,5.913613237
-2.058245745,17.15674096,7.845051089,8.110561148
-8.574717249,17.09218076,-5.063597694,9.958202524
4.873472107,20.34704214,-10.34539366,11.43581656
-9.040980239,6.708400681,-3.85258563,9.827600913
4.131931742,17.17497505,-10.59004228,11.36757913
2.693944602,3.497370097,-4.507400224,5.251094581
3.828130624,6.415571085,-3.928052741,5.484904959
3.806905513,8.925364015,6.235642322,7.305871937
-9.212057033,1.884135924,1.222594371,9.29283228
0.87802394,14.75655805,-11.04007799,11.07493783
9.376589017,5.961520747,-7.33178119,11.90274914
5.990454771,0.958564773,3.147379532,6.766945122
0.794330269,9.933591089,7.710517115,7.75132471
-5.143168412,3.800009479,6.771842725,8.503530749
5.454596213,2.410434652,4.310021489,6.951899386
5.222717105,17.72365235,-2.578548494,5.824576062
2.018722971,15.70957195,7.310984939,7.584572711
6.285478051,12.67130451,0.014516381,6.285494814
-9.275069387,16.79549128,-2.949092032,9.732628419
4.705033799,6.057438759,5.362213211,7.133769941
12.586753,5.520239355,0.302288898,12.59038243
9.929093219,20.70964753,-6.691381777,11.97336554
2.923864328,13.25110319,-10.87199126,11.25829368
6.218249153,0.440621671,2.335944335,6.642534039
5.643156779,1.049807659,-1.908327828,5.957091029
1.096302851,19.02490515,-4.813067233,4.936344409
2.950043165,20.78647208,6.837390126,7.446654175
2.355632852,9.124018409,-4.617978299,5.184084268
1.712171452,4.3346739,-11.01749972,11.14974579
-7.480828509,13.34141651,4.74619917,8.859413172
-3.574090248,6.071778279,7.49016665,8.299199814
8.103190485,19.07680985,-8.517240179,11.75606551
-9.474606888,9.589572947,-1.220324747,9.552872248
12.28701809,19.51552685,-1.812192952,12.41993787
-4.126417754,10.02177013,7.28162125,8.369547867
-2.193410063,7.89657664,7.825675776,8.127253476
12.58245617,0.085656628,1.766481556,12.70585142
1.801585514,3.108797374,13.89186696,14.00820039
-8.567948414,1.82210868,-5.078196518,9.959810234
-8.26093298,0.128573216,-5.683872852,10.02743359
12.21331618,10.77296122,-2.114228568,12.39496085
0.763037167,18.55583148,-4.809575639,4.869727256
3.143131512,16.72668739,6.717343122,7.416331595
2.804256509,5.413787901,-4.465635848,5.273116545
6.195230015,20.85129299,2.439850499,6.658359062
0.799007894,4.04354899,7.709415607,7.750709814
-9.27924937,2.540299071,-2.928927517,9.730523381
4.158594562,0.076464026,-3.68717294,5.557801096
5.598622325,10.84863518,4.048961713,6.909317108
6.352376582,6.194710052,1.319869159,6.48804615
5.510618342,18.93505631,4.211634149,6.935760717
5.81006444,3.437707906,3.607274338,6.83880669
4.48752855,1.271332185,5.603197421,7.178700009
5.281247808,17.43625399,12.68743001,13.74272385
-9.315793764,7.002589194,0.741994621,9.34529665
