"state","1928","1929","1930","1931","1932","1933","1934","1935","1936","1937","1938","1939","1940","1941","1942","1943","1944","1945","1946","1947","1948","1949","1950","1951","1952","1953","1954","1955","1956","1957","1958","1959","1960","1961","1962","1963","1964","1965","1966","1967","1968","1969","1970","1971","1972","1973","1974","1975","1976","1977","1978","1979","1980","1981","1982","1983","1984","1985","1986","1987","1988","1989","1990","1991","1992","1993","1994","1995","1996","1997","1998","1999","2000","2001","2002","2003"
"Alabama",334.99,111.93,157,337.29,10.21,65.22,590.27,265.34,20.78,22.46,496.44,182.64,115.12,297.47,126.15,130.82,252.87,27.33,126.75,127.26,69.09,368.8,50.9,103.24,351.72,93.99,280.39,69.68,231.75,299.79,242.34,108.19,63.33,78.01,71.58,34.74,533.68,68.2,52.38,38.98,4.65,0.36,13.94,55.24,4.02,0.42,0.58,0.13,NA,2.06,3.43,3.35,0.57,NA,0.05,0.03,NA,NA,0.02,0.09,0.02,1.46,0.65,0.02,NA,0.02,NA,NA,NA,0.14,NA,NA,NA,NA,0.16,NA
"Alaska",NA,NA,NA,NA,NA,NA,NA,NA,NA,NA,NA,NA,NA,NA,NA,NA,NA,NA,NA,NA,NA,NA,NA,NA,NA,NA,691.67,241.87,1120.98,414.7,562.06,816.55,635.79,420.96,571.54,722.27,439.89,79.38,236.57,53.27,3.86,6.77,33.61,19.42,3.94,1.47,0.27,NA,2.73,15.07,0.5,4.48,1.44,NA,0.2,NA,NA,NA,NA,NA,0.18,NA,4.86,0.18,0.68,NA,2.67,NA,11.16,0.16,2.58,NA,0.16,NA,NA,NA
"Arizona",200.75,54.88,466.31,497.69,20.11,296.01,238.81,135.02,525.5,837.3,149.34,144.02,339.06,615.29,740.83,172.44,736.71,93.74,498.69,224.49,623.38,531.46,315.95,1351.49,424.59,557.91,531.51,1024.03,644.32,700.97,825.18,719.02,325.91,559.22,431.74,583.67,405.54,100.6,336.9,62.08,14.61,31.21,53.05,25.39,40.83,1.12,0.89,3.53,10,8.71,2.52,3.25,11.63,0.36,0.53,NA,NA,7.49,7.45,1,0.08,3.96,7.72,9.04,NA,0.06,0.2,0.27,0.17,0.18,0.2,0.02,NA,0.02,NA,NA
"Arkansas",481.77,67.22,53.44,45.91,5.33,293.32,384.57,80.33,5.66,16.98,356.73,123.51,72,273.89,232.7,162.6,207.51,69.5,168.47,130.61,208.3,667.72,91.12,401.09,188.55,727.41,151.03,173.54,506.86,78.41,173.95,46.49,89.24,93.26,77.61,77.5,58.28,63.08,72.49,66.76,0.15,1.51,1.66,21.91,0.65,3.71,0.66,0.1,0.91,2.04,0.96,0.47,0.76,0.59,NA,0.04,0.38,NA,12.21,NA,NA,0.21,1.74,NA,NA,NA,NA,0.08,NA,0.12,NA,0.16,0.04,NA,NA,NA
"California",69.22,72.8,760.24,477.48,214.08,445.28,423.26,466.38,773.54,78.26,278.32,939.48,376.44,174.42,1222.01,340.06,599.97,339.44,575.16,74.98,487.91,320.82,137.92,548.36,335.25,438.91,473.05,513.46,235.21,353.35,235.72,251.82,140.03,223.42,164.86,113.36,179.9,74.6,80.59,27.45,8.49,4.57,9.55,13.88,15.43,3.82,5.14,23.78,10.41,34.75,2.81,4.08,3.65,1.4,3.16,0.59,1.2,0.92,1.52,2.68,2.48,7.34,31.99,6.49,0.19,0.18,0.19,0.09,0.11,0.09,NA,0.06,0.03,0.11,NA,NA
"Colorado",206.98,74.24,1132.76,453.27,222.9,27.69,1204.25,1186.07,54.74,93,823.71,525.21,231.8,661.75,505.49,976.97,556.49,95.91,992.74,142.93,723.28,557.61,395.37,934.02,386.92,684,127.66,317.08,873.22,173.47,566.11,411.5,384.73,210.35,474,325.28,164.43,302.7,72,79.64,23.54,6.43,10.41,37.17,20.88,6.55,6.13,44.44,16.67,15.7,1.8,2.48,0.77,0.25,0.22,NA,NA,0.27,0.15,0.27,3.53,3.02,4.17,0.33,0.64,NA,0.54,0.68,0.21,0.72,NA,NA,0.06,NA,NA,NA
"Connecticut",634.95,614.82,112.23,790.46,348.27,330.66,282.35,1449.49,228.97,606.76,107.56,937.54,376.52,364.57,587.88,550.38,493.5,170.2,397.91,814.92,140.62,935.63,197.45,227.43,1179.01,99.99,223.47,1256.63,116.46,409.99,645.65,516.46,434.62,261.76,672.06,214.81,189.03,322.89,32.51,3.57,23.82,21.39,3.82,38.91,50.08,59.17,5.6,4.16,7.64,25.02,17.04,0.12,0.85,0.27,0.24,NA,0.31,0.18,0.27,0.66,0.51,6.53,5.7,0.69,0.06,0.18,0.12,0.03,0.03,NA,NA,NA,NA,NA,NA,NA
"Delaware",256.02,239.82,109.25,1003.28,15.98,82.68,1225.2,412.7,555.96,707.1,236.02,94.63,36.04,1268.35,90.16,564.55,138.4,96.86,198.98,19.41,333.13,234.53,194.7,208.42,119.34,115.88,527.67,26.98,212.31,78.13,118.9,139.7,212.92,368.35,129.42,248.69,79.26,102.38,51.14,10.64,4.51,93.73,47.46,7.27,9.66,1.71,2.72,5.94,18.8,1.18,1.87,0.17,0.68,NA,NA,NA,NA,NA,0.16,3.09,NA,5.4,1.35,2.81,0.42,0.28,NA,NA,0.13,NA,NA,NA,NA,NA,NA,NA
"District Of Columbia",535.63,94.2,182.1,832.99,53.14,100.8,1137.49,152.73,335.59,333.27,115.59,497.42,126.99,488.19,190.76,234.27,310.09,39.59,465.92,60.15,305.05,278.56,213.51,185.16,286.17,44.05,383.3,57.69,210.28,114.82,187.57,52.17,158.16,47.09,89.2,27.76,43.14,19.76,49.3,3.46,0.78,5.89,46,2.12,0.27,1.4,0.14,0.28,1.94,2.1,0.3,0.16,0.79,0.32,0.16,NA,NA,4.39,NA,NA,NA,6.74,3.66,NA,0.33,NA,NA,NA,NA,0.35,NA,NA,NA,NA,NA,NA
"Florida",119.58,78.01,356.59,260.79,13.63,63.93,505.65,72.77,18.22,23.08,517.83,157.53,114.19,459.76,189.61,68.57,189.74,39.63,116.89,53.1,152.39,144.03,83.43,76.21,109.99,38.5,312.27,38.04,127.23,120.36,266.67,74.68,74.46,127.69,76.09,66.69,121.55,62.29,64.38,28.92,8.94,9.27,20.19,30.83,17.64,4.7,2.7,0.94,3.78,3.3,11.6,6.2,4.04,2.89,2.01,1.48,0.16,0.99,3.38,0.72,1.32,1.6,2.87,2.21,0.3,0.2,0.16,0.06,NA,0.06,0.01,0.01,0.02,NA,0.01,NA
"Georgia",159.73,40.63,153.21,104.39,34.36,156.88,774.78,1.05,0.27,NA,299.92,115.95,93.84,294.12,168.74,126.45,171.51,27.53,117.11,102.39,37.8,288.7,62.42,213.03,225.42,86.49,188.04,68.18,128.9,155.66,175.18,11.54,5.53,10.24,10.19,4.78,4.92,15.1,5.59,0.96,0.08,0.04,0.36,23.59,3.56,1.02,0.06,0.78,0.1,14.41,1.06,10.14,15.19,1.95,NA,0.14,0.06,0.13,1.49,0.15,NA,0.27,5.5,0.23,0.04,0.01,0.03,0.06,0.01,NA,0.01,NA,NA,0.01,0.01,NA
"Hawaii",NA,NA,NA,NA,NA,NA,NA,NA,NA,NA,NA,NA,NA,NA,NA,NA,NA,NA,NA,NA,NA,NA,13.22,955.24,NA,NA,99.86,1186.44,922.02,866.24,95.08,592.6,829,29.62,387.29,521.83,123.18,575.8,20.36,24.46,5.05,7.02,23.86,59.03,11.24,3.52,7.1,7.17,1.2,4.73,2.17,7.95,0.9,0.8,0.5,0.1,16.64,2.33,2.78,0.18,1.81,2.79,3.69,1.95,4.24,1.3,NA,NA,2.81,0.49,NA,0.08,0.16,0.57,0.08,NA
"Idaho",19.59,160.37,196.66,25.97,8.76,193.59,252.43,182.33,262.62,243.15,425.67,694.15,337.53,102.03,395.08,650.9,182.34,259.93,433.6,51.13,275.2,511.03,324.05,358.07,196.07,324.34,734.17,113.76,317.56,486.9,591.94,247.2,421.92,281.75,234.12,572.48,336.19,454.66,246.93,60.05,3,12.74,13.32,35.9,14.09,31.71,6.48,2.35,224.33,18.56,0.43,2.34,NA,0.2,NA,0.1,NA,6.25,0.1,NA,NA,0.8,2.19,42.15,NA,NA,0.18,0.33,0.16,6.59,0.08,NA,NA,0.16,NA,NA
"Illinois",98.24,506.18,216.07,516.97,208.31,155.65,574.84,746.81,15.43,146.95,1145.16,100.12,84.14,613.14,132.69,328.45,239.79,103.25,298.12,91.45,426.99,65.92,200.35,187.66,294.52,173.71,358.74,144.65,441.99,100.27,233.09,96.16,224.66,159,163.37,98.55,149.33,42.68,106.31,11.93,13.52,10.16,29.38,29.04,40.22,19.48,18.73,16.49,17.86,16.56,6.98,11.6,2.97,0.26,0.24,1.72,1.36,2.43,3.67,1.7,0.47,22.32,9.05,0.05,0.09,0.04,0.15,0.04,0.02,0.08,0.01,NA,0.04,0.01,NA,NA
"Indiana",263.67,322.1,120.73,541.21,88.78,108.02,631.03,299.12,21.15,210.12,523.18,59.79,16.65,381.63,94.99,263,149.11,33.51,293.05,60.93,366.54,100.14,169.41,102,179.11,162.58,517.12,86.36,368.17,180.31,396.55,99.64,223.08,124.69,161.79,122.36,458.81,48.06,116.34,13.46,15.55,10.51,5.5,58.23,23.8,13.27,4.86,9.67,79.97,71.15,3.95,3.67,2.01,0.34,0.06,6.78,0.04,0.06,0.7,NA,1.04,2.02,4.49,0.09,0.22,0.02,0.02,NA,NA,NA,0.03,0.02,NA,0.03,0.02,NA
"Iowa",28.63,82.95,395.59,34.25,6.32,33.01,346.39,865.65,8,10.76,223.17,209.13,212.6,197.87,254.79,242.8,201.38,61.4,160.44,177.89,352.26,87.03,399.49,103.78,120.84,413.78,477.14,286.64,307.41,330.75,463.82,420.25,64,192.53,393.63,280.07,819.82,339.54,197.39,29.6,6.58,9.98,31.42,94.79,33.27,10.12,4.6,24.11,1.4,123.72,2.96,0.53,0.06,0.03,NA,NA,NA,NA,5.1,NA,NA,0.45,0.96,0.59,NA,NA,0.25,NA,NA,0.28,0.03,NA,0.06,NA,NA,NA
"Kansas",136.92,555.44,666.71,93.47,326.64,335.08,538.84,1399.01,23.17,42.11,583.06,158.21,450.3,764.47,535.23,547.84,551.62,95.98,658.17,48.12,58.31,882.31,93.17,572.19,326.07,750.87,66.41,145.56,200.78,0.62,3.32,NA,NA,NA,NA,NA,NA,NA,NA,4.44,0.96,0.38,3.35,62.42,1.72,1.19,8.25,93.3,32.17,61.23,4.5,3.14,3.11,0.04,1.82,NA,NA,0.04,4.04,NA,0.04,4.75,9.46,0.36,0.08,NA,0.04,0.04,0.04,NA,NA,NA,0.08,0.04,NA,NA
"Kentucky",216.26,43.17,70.15,181.04,72.99,57.86,422.55,533.77,79.66,245.75,393.49,79.78,97.62,610.5,84.08,383.79,86.5,61.13,269.63,30.12,127.97,294.61,162.65,290.96,362.97,134.51,1026,76.09,610.29,557.76,619.64,221.65,352.98,368.68,202.29,284.88,481.84,121.06,154.21,46.83,4.37,2.21,32.39,111.46,14.43,12.38,5.52,4.55,21.88,33.04,3.35,1.63,1.75,0.03,0.06,NA,0.03,0.05,0.08,NA,0.95,1.17,1.14,0.69,7.46,NA,NA,NA,NA,NA,NA,NA,NA,0.05,NA,NA
"Louisiana",260.33,88.79,86.29,11.47,67.44,42.77,220.96,117.22,57.67,20.71,44.77,157.03,47.78,35.01,123.74,106.44,104,41.15,126.32,49.96,57.63,51.62,28.57,78.73,23.97,155.89,104.96,5.66,69.64,34.64,9.05,2.08,7.46,1.23,6.9,4.26,3.44,3.85,3.02,4.46,0.79,3.46,8.34,42.19,3.26,2.37,0.38,0.09,7.76,2.2,21.25,6.2,0.43,0.1,0.34,0.09,0.18,0.95,0.08,NA,NA,2.79,NA,NA,NA,0.02,0.02,0.42,NA,NA,0.02,NA,NA,NA,NA,NA
"Maine",401.96,719.17,198.88,434.35,1086.28,13.39,78.02,857.76,891.89,134.35,509.67,271.09,837.74,557.7,540.61,297.99,611.07,61.29,578,504.58,335.01,1108.87,106.15,193.05,987.72,181.55,626.75,710.48,115.39,478.88,462.59,270.41,413.05,279.08,718.01,48.49,373.91,295.75,29.7,24.63,3.51,0.8,41.48,120.27,20.98,5.32,3.44,1.44,0.9,15.91,117.78,1.89,4.22,0.45,NA,NA,NA,NA,1.26,0.25,0.66,NA,0.32,0.56,0.24,0.16,0.24,NA,NA,0.32,NA,NA,NA,NA,NA,NA
"Maryland",1089.39,126.04,73.89,1264.85,65.17,41.18,1575.91,133.17,405.28,698.17,159.06,852.92,233.84,384.33,535.19,196.78,613.78,87.4,488.43,50.88,435.37,740.27,61.72,269.07,348.04,79.46,433.86,83.51,310.79,79.68,210.83,76.08,104.48,130.28,96.62,60.08,89.51,35.52,57.77,4.86,2.75,2.6,34.61,13.6,0.27,0.32,0.57,1.54,19.9,8.48,1.23,0.38,1.98,0.11,0.1,0.17,0.3,2.53,0.76,0.22,0.3,2.48,4.24,3.66,0.22,0.02,0.1,NA,0.08,0.5,NA,NA,NA,0.06,NA,NA
"Massachusetts",981.06,351.42,630.29,386.78,463.19,351.86,1039.49,286.73,613.81,478.32,229.97,546.19,498.72,474.01,564.89,752.17,433.38,186.66,798.36,252.7,675,556.88,264.72,311.54,940.07,68.28,475.05,957.5,72,222.05,714.96,123.22,420.58,416.44,511.33,84.1,135.92,354.49,15.02,7.47,9.84,6.59,15.75,8.07,21.96,69.12,7.08,2.69,0.74,12.3,5.45,0.49,0.98,1.05,0.1,0.15,1.46,1.37,0.63,1.09,0.09,1.79,0.54,0.72,0.35,0.31,0.12,0.08,0.2,0.88,0.02,0.04,NA,NA,NA,NA
"Michigan",547.55,376.46,583.62,133.48,881.09,462.14,132.48,1600.88,47.72,115.59,1505.5,328.17,299.7,1119.5,168.35,765.18,466.94,121.24,627.93,148.06,561.07,312.1,575.29,221.85,407.49,322.98,568.61,309.13,540.14,234.85,530.38,147.69,451.59,349.41,318.95,516.65,354.48,336.98,176.04,13.3,4.03,4.46,20.28,28.89,25.72,46.65,25.06,35.27,65.64,13.5,82.22,9.43,3.02,0.35,0.6,0.03,3.3,0.75,1.16,0.3,0.32,4.23,4.04,0.36,0.14,0.07,0.15,0.04,0.02,0.08,0.09,NA,0.02,NA,NA,NA
"Minnesota",79.13,492.36,218.99,123.53,95.11,752.33,313.6,1062,283.03,25.12,256.2,655.68,300.31,35.34,567.73,398.01,770.53,62.96,44.79,319.35,286.3,114.47,125.16,93.36,96.98,136.22,92.93,225.27,40.74,229.33,37.83,80.06,126.3,20.6,47.43,76.78,9.73,26.46,46.56,3.76,0.52,0.75,1.29,2.06,0.73,0.65,2.21,5.83,10.83,68.06,2.09,29.85,26.87,0.17,NA,NA,1.08,NA,0.84,0.65,0.48,0.16,9.21,0.63,0.2,NA,NA,NA,0.37,0.35,NA,NA,0.02,0.04,NA,NA
"Mississippi",NA,NA,NA,NA,NA,NA,NA,NA,NA,NA,NA,NA,NA,NA,NA,NA,NA,NA,NA,14.96,58.26,106.74,99.49,91.25,64.62,115.46,145.94,72.75,107.81,61.45,67.5,66.43,76.35,68.9,119.04,29.85,261.46,51.15,56.99,30.34,10.91,1.1,6.07,66.8,9.05,2.71,0.61,1.47,0.73,2.08,31.21,1.08,3.91,NA,0.16,0.08,NA,0.04,0.4,0.16,1.27,0.04,0.5,NA,0.04,NA,NA,NA,NA,0.14,NA,NA,NA,NA,NA,NA
"Missouri",198.63,183.46,149.81,369.77,43.16,152.96,539.48,345.19,17.37,186.45,525.47,76.61,15.55,175.17,178.71,196.08,155.96,30.22,166.93,33.55,150.17,203.8,58.02,188.53,60.99,218.84,37.88,96.52,124.88,102.2,82.41,84.71,17.35,102.09,31.73,64.05,24.26,60.2,12.54,7.47,0.69,1.57,16.45,42.81,3.7,1.15,5.49,5.41,4.8,18.57,3.53,9.72,1,0.02,0.04,0.04,0.12,0.02,0.62,3.76,0.41,9.97,1.04,NA,0.02,NA,0.81,NA,0.04,0.06,NA,0.02,NA,0.02,0.02,NA
"Montana",139.86,817.76,117.52,284.85,1007.97,419.57,355.92,1422.57,81.57,111.71,1119.76,1973.32,476.48,161.21,588.48,1122.06,720.79,175.29,422.65,843.36,341.6,676.12,300.15,416.62,643.92,505.27,749.98,449.82,1016.61,528.64,1065.44,625.59,313.99,326.15,1181.36,482.41,579.59,556.37,272.69,48.96,9.69,17.13,16.01,112.98,2.35,48.63,46.2,6.98,65.89,119.65,13.86,7.87,0.26,NA,NA,NA,NA,20.52,0.24,17.11,9.66,1.63,NA,NA,NA,NA,NA,NA,NA,NA,NA,NA,NA,NA,NA,NA
"Nebraska",78.95,303.03,745.32,24.91,31.61,117.35,331.03,639.7,86.34,34.46,209.06,276.01,129.04,34.6,428.55,401.02,186.13,71.57,395.65,37.4,263.28,207.99,275.32,41.75,214.03,183.75,191.6,12.07,178.58,16.79,108.79,29.32,14.81,44.19,8.13,15.86,54.63,31.99,11.64,36.53,4.59,44.87,52.32,4.88,1.61,0.37,6.08,25.54,3.52,13.69,0.51,4.26,4.93,0.25,0.19,NA,NA,NA,NA,NA,NA,6.65,5,NA,NA,NA,NA,NA,NA,0.06,NA,NA,NA,NA,NA,NA
"Nevada",NA,NA,NA,NA,NA,NA,NA,NA,NA,NA,NA,NA,NA,275.84,811.69,397.32,244.43,71.8,125.9,18.45,38.12,60.53,67.9,171.48,285.31,102.3,182.19,165.37,55.2,592.31,73.6,220.09,262.89,197.74,191.47,67.74,233.77,50.71,14.34,59.9,1.74,0.21,4.03,1.28,0.18,0.17,26.76,4.3,12.4,10.87,2.6,2.61,1.43,1.58,NA,0.22,NA,NA,0.3,0.19,NA,0.99,17.71,1.47,0.07,0.07,NA,0.06,0.24,0.06,NA,NA,0.35,NA,NA,NA
"New Hampshire",272.15,344.53,126.38,299.15,151.26,218.48,846.7,55.13,185.39,393.13,341.34,133.99,147.66,201.98,167.14,211.18,126.01,33.9,226.71,61.04,77.54,230.6,34.4,196.44,447.27,50.71,168.21,831.44,35.34,69.01,368.01,76.52,186.36,234.64,163.62,6.44,134.65,55.03,11.59,3.86,21.01,27.1,8.4,26.65,98.96,90.34,20.26,2.39,1.13,29.05,7.15,3.18,26.69,0.98,0.5,NA,3.3,NA,2.62,16.24,10.23,1.44,NA,NA,1.44,0.18,NA,NA,NA,1.93,NA,NA,0.24,NA,NA,NA
"New Jersey",797.14,181.86,602.87,494.19,373.96,726.94,359.92,792.91,215.06,1108.94,716.98,104.83,301.99,1044.54,322.1,927.14,658.66,78.87,1151.75,250.71,715.45,705.08,601.68,395.01,1282.7,81.21,445.79,937.1,340.37,458.1,429.08,502.21,175.27,293.59,510.19,160.62,176.38,61.18,29.39,8.8,9.74,13.46,23.46,17.39,5.64,10.1,75.03,6.48,8.56,2.67,1.01,0.66,8.92,0.77,0.08,0.36,0.07,0.31,11.6,0.5,4.25,5.28,2.47,13.05,0.4,0.06,1.68,0.04,NA,0.02,0.08,NA,NA,0.01,NA,NA
"New Mexico",663.41,54.78,529.23,324.57,271.9,148.8,731.9,147.97,234.94,487.27,628.89,316.1,216.63,778.1,315.64,105.71,303.73,67.9,215.41,226.78,174.64,671.44,136.02,297.51,210.63,662.89,355.99,621.75,495.32,747.33,912.17,484.03,6.81,2.07,NA,NA,111.15,68.59,126.32,61.2,17.64,28.3,28.59,37.27,12.07,14.03,5.35,9.07,1.3,1.92,NA,3.15,0.99,1.1,NA,NA,5.09,0.28,2.6,10.55,NA,1.4,6.66,4.92,0.06,NA,NA,1.82,0.96,0.4,NA,NA,NA,NA,NA,NA
"New York",649.97,249.09,315.39,423.22,465.06,549,258.13,516.43,477.48,202.81,518.84,331.36,212.23,789.51,191.24,478.18,334.85,52.41,600.82,108,330.91,353.09,201.33,240.63,500.59,74.14,548.37,241.44,308.53,233.63,364.15,140.21,277.27,207.29,273,107.71,156.92,52.37,61.06,6.68,21.07,30.48,8.57,23.92,3.61,9.79,7.83,6.83,17.38,26.19,10.44,8.94,11.01,1.97,1.09,0.21,0.84,0.92,5.31,2.47,0.54,1.63,4.48,7.8,0.62,NA,0.34,0.02,NA,0.14,NA,NA,0.02,NA,0.01,NA
"North Carolina",1823.69,38.49,41.17,480.48,423.04,495.59,1685.34,323.87,40.3,226.07,1383.37,664.5,210.27,658.4,564.86,165.96,671.48,72.5,225.16,127.63,26.97,442.46,118.87,81.37,93.5,115.47,229.32,29.68,178.8,43.64,93.73,73.12,27.06,110.7,19.27,30.53,26.32,8.59,15.88,19.03,6.48,7.46,19.47,35.89,0.71,0.12,0.12,0.06,0.35,0.93,2.15,1.97,2.21,0.1,0.04,NA,NA,0.14,0.07,0.23,0.03,2.99,0.71,0.64,0.36,NA,0.04,NA,0.05,0.02,NA,NA,NA,NA,NA,NA
"North Dakota",55.73,339.19,117,142.06,318.07,373.64,657.63,290.45,16.52,8.4,863.45,843.21,149.05,223.2,274.08,798.53,644.36,64.11,40.84,236.08,214.45,245.95,63.62,426.98,432.14,254.43,454.18,407.81,362.47,629.25,714.58,899.54,390.56,439,583.22,677.98,813.23,623.26,212.64,143.16,22.83,13.03,51.25,36.17,9.49,11.22,5.82,131.87,0.46,4.74,27.44,2.6,NA,NA,NA,NA,NA,0.15,3.17,NA,NA,NA,NA,NA,NA,NA,NA,NA,NA,0.15,NA,NA,NA,NA,NA,NA
"Ohio",355.92,561.14,277.6,291.32,539.34,233.67,410.5,544.79,136.53,366.37,694.27,74,22.4,1132.77,127.08,276.41,557.93,49.82,200.43,239.45,282.32,268.29,161.84,295.76,248,314.96,322.29,170.31,477.29,86.94,312.78,124.39,191.15,208.73,118.46,146.63,191.15,90.96,63.04,11.74,3.25,5.38,37.7,37.07,2.82,3.77,27.44,1.1,6.76,17.29,4.67,3.02,3.54,0.2,0.03,0.83,0.1,NA,NA,0.01,0.88,25.09,5.22,0.11,0.05,0.11,0.04,0.02,0.06,0.3,NA,NA,0.03,0.01,NA,NA
"Oklahoma",268.71,46.19,164.93,32.17,43.17,101.87,378.08,102.91,15.22,45.62,116.62,194.44,60.4,88.78,260.92,76.06,166.8,51.13,188.97,10.79,66.02,354.07,27.43,359.94,92.03,173.09,152.18,132.27,440.45,66.1,317.88,29.15,51.72,25.07,86.46,14.17,42.41,9.97,25.25,32.35,4.96,5.63,30.63,25.06,0.5,2.46,1.1,9.64,9.99,1.72,0.91,0.85,22.66,0.24,0.99,0.03,0.27,NA,0.99,0.12,0.25,4.03,5.6,NA,0.25,NA,NA,NA,NA,NA,NA,NA,NA,NA,NA,NA
"Oregon",223.09,492.32,276.36,242.56,514.2,230.37,193.5,705.43,919.15,38.19,121.89,219.8,671.12,607.51,499.14,693.95,239.87,156.32,453.37,71.91,367.6,684.38,49.38,617.84,209.73,558.14,244.37,295.16,135.02,879.25,529.02,447.57,624.94,322.05,766.23,258.3,453.01,181.74,126.91,86.72,30.7,9.83,21.15,15.97,8.95,19.52,1.03,8.43,7.12,12.77,20.58,2.78,0.08,0.2,0.72,0.4,NA,0.19,0.26,3.01,1.3,1.45,1.35,2.78,0.29,NA,NA,0.09,0.33,0.09,NA,0.15,NA,0.18,NA,NA
"Pennsylvania",583.95,489.56,356.56,821.6,470.69,336.38,848.11,917.36,243.53,390.89,1329.75,186.57,148.62,1011.32,380.42,563.08,256.56,127.31,611.47,113.41,306.69,483.96,165.44,299.86,358.5,146.18,351.84,170.43,397.95,117.09,307.18,247.52,59.7,226.11,83.08,106.13,101.85,57.21,47.16,6.81,2.54,10.66,17.65,15.63,0.61,3.44,7.74,4.78,28.5,27.09,2.81,0.57,9.49,4.33,0.07,NA,0.04,0.33,0.25,0.26,4.4,2,3.77,11.72,0.08,NA,0.07,0.01,0.1,0.13,0.03,NA,NA,0.05,NA,NA
"Rhode Island",735.32,270.62,39.23,665.05,1472.69,9.36,65.79,994.05,368.69,679.22,35.95,416.85,467.72,57.67,609.25,296.39,535.99,55.54,160.61,507.34,48.43,561.61,30.68,113.3,665.78,61.97,223.67,657.21,22.43,72.67,496.84,35.92,227.84,766.11,378.97,139.6,279.32,444.82,9.75,6.82,7.28,2.9,11.4,24.72,52.25,68.09,6.58,0.54,2.23,6.76,0.85,10.88,0.2,NA,NA,NA,NA,NA,0.2,0.2,NA,3.9,2.99,0.4,2.28,0.1,0.7,0.49,NA,0.49,NA,NA,NA,NA,NA,NA
"South Carolina",1138.49,12.2,14.45,189.95,182.58,360.64,637.61,46.26,48.24,99.18,373.4,60.34,32.32,481.97,218.23,153.66,363.6,78.91,358.19,161.86,120.65,453.08,90.62,34.31,81.69,89.38,254.91,53.33,384.74,248.22,472.18,82.91,53.68,136.63,38.4,95.75,161.62,50.55,26.31,20.44,1.52,5.34,24.01,32.77,7.63,2.86,1.96,0.57,0.15,3.28,6.44,3.35,5.02,NA,NA,NA,NA,0.03,7.54,0.06,NA,0.52,0.12,0.37,0.8,NA,NA,NA,NA,0.05,NA,NA,NA,NA,NA,NA
"South Dakota",160.16,167.77,346.31,212.36,96.37,299.08,1373.94,167.25,33.6,9.84,212.46,1173.78,253.83,61.34,143.09,507.31,258.73,100.63,189.69,218.3,140.26,157.39,102.59,106.72,115.26,68.81,123.53,63.59,86.75,81.49,18.41,129.12,17.59,21.72,64.25,12.53,9.86,16.73,5.87,8.67,0.6,7.64,15.79,31.34,1.78,0.44,4.12,51.88,0.74,10.62,NA,0.28,NA,NA,NA,NA,NA,NA,NA,NA,NA,NA,2.29,NA,NA,NA,NA,NA,NA,1.2,NA,NA,NA,NA,NA,NA
"Tennessee",315.43,33.04,179.91,134.79,68.99,133.48,647.85,51.31,50.18,106.41,403.65,108.43,95.17,278.13,106.34,194.95,184.38,65.8,150.47,61,127.54,252.76,104.1,80.64,200.48,84.73,416.4,172.07,617,455.99,793.55,275.98,535.9,403.1,666.32,183.55,629.43,238.12,332.74,53.62,1.73,0.53,13.53,24.69,4.66,3.9,1.29,4.09,4.8,15.75,22.26,1.73,3.83,0.08,0.12,0.02,NA,NA,1.2,NA,0.02,2.85,1.93,0.2,NA,NA,0.53,NA,0.04,0.05,NA,NA,NA,NA,NA,NA
"Texas",97.35,71.28,73.12,39.56,76.58,361.4,490.66,64.07,125.58,235.14,95.34,115.98,249.88,308.34,517.23,233.42,542.2,188.86,410.13,109.48,583.88,749.48,175.65,808.78,283.26,885.82,906.12,455.73,755.24,471.87,889.53,360.65,516.19,164.07,665.61,164.36,383.18,284.32,239.95,125.32,47.58,44.87,72.35,77.41,13.17,4.06,1.43,2.23,2.04,13.99,7.54,4.54,1.34,6.03,1.15,0.24,3.33,2.56,2.27,2.51,0.09,18.43,22.86,1.23,5.67,0.06,0.1,0.09,0.18,0.07,NA,0.01,NA,NA,NA,NA
"Utah",16.83,68.9,1044.79,29.72,13.91,402.1,2184.87,50.16,117.89,396.79,1808.86,1002.23,1363.22,281.09,2589.06,1211.27,200.67,746.1,1244.57,99.24,910.94,526.54,879.2,331.4,652.51,775.41,1043.86,101.05,284.17,1749.89,458.83,670.89,551.77,179.6,430.57,316.23,260.75,444.86,68.2,37.81,2.04,1.09,3.52,30.04,13.71,10.74,1.21,27.85,166.51,1.75,3.24,1.52,2.98,NA,0.19,0.61,1.69,NA,0.78,NA,NA,6.9,8.5,12.36,NA,NA,7.8,NA,5.77,0.05,NA,0.1,0.13,NA,NA,NA
"Vermont",334.8,105.31,236.69,318.4,1146.08,312.58,380.66,389.3,2974.79,289.31,1652.64,1029.19,241.07,384.64,1071.29,2323.73,751.46,179.96,858.63,1348.83,407.12,1711.37,157.47,1130.93,1397.32,148.93,760.21,1894.94,340.86,761.46,549.2,525.59,893.32,295.88,518.32,405.8,596.77,360.66,79.16,9.96,1.85,0.69,1.98,26.6,17.07,25.57,11.88,15.28,34.37,47.16,10.52,23.31,41.88,0.38,0.38,NA,0.76,NA,NA,3.99,NA,0.18,NA,0.71,NA,5.36,0.17,NA,0.17,9.88,NA,NA,0.16,0.16,NA,NA
"Virginia",NA,NA,NA,NA,53.4,351.88,1158.76,727.35,127.83,337.39,475.81,394.24,203.84,1035.28,177.59,341.34,475.42,64.45,385.83,242.18,191.3,649.31,85.42,408.71,376.52,138.96,673.56,120.1,634.53,128.67,550.15,349.29,185.6,285.95,231.09,172.45,274.81,93.32,50.58,51.99,9.49,20.26,51.91,32.37,1.54,8.74,0.86,0.85,16.49,50.79,49.89,6.01,6.57,0.24,0.15,0.37,0.07,0.47,0.85,0.02,3.48,0.42,1.22,0.36,0.25,NA,0.04,NA,0.01,0.03,NA,0.25,0.03,0.01,NA,NA
"Washington",344.82,248.6,631.64,197.43,631.93,155.84,473.84,525.47,463.74,103.34,112.23,1158.16,919.59,118.23,645.64,765.07,264.04,291.68,513.61,63.82,482.29,551.2,142.61,733.32,243.78,473.15,857.47,425.03,481.3,614.37,384.18,512.47,456.2,301.32,704.07,166.94,674.69,255.7,166.67,178.9,18.25,1.68,19.71,33.15,28.37,25.03,2.22,8.14,10.26,12.41,10.62,25.15,4.05,0.1,0.85,0.7,3.91,1.99,4.71,1.01,0.15,1.06,6.71,1.53,NA,NA,NA,0.39,0.92,0.27,NA,NA,NA,NA,NA,NA
"West Virginia",195.98,380.14,157.7,291.38,599.65,303.34,231.8,605.9,63.26,110.04,595.16,99.07,29.79,592.24,303.79,133.75,497.22,79.64,140.56,143.62,295.53,188.45,293.19,227.24,270,309.56,512.01,204.22,587.09,185.11,657.2,406.39,190.39,429.01,551.12,696.29,518.7,832.69,313.45,84.57,20.5,13.82,19.73,31.99,15.51,12.58,12.68,11.73,11.01,13.87,45.55,4.54,1.75,0.6,0.1,0.05,NA,2.51,0.11,NA,0.33,2.95,0.33,NA,NA,NA,1.98,NA,NA,0.05,NA,NA,NA,NA,NA,NA
"Wisconsin",124.61,1016.54,748.58,506.57,935.31,317.48,1332.84,1415.38,126.57,66.55,2348.05,768.04,636.45,993.07,781.79,1290.54,1407.91,165.52,1333.6,383.14,926.15,1171.07,546.71,958.07,1140.83,1166.84,289.57,1389.05,715.74,980.76,1665.37,384.77,1090.16,932.93,365.34,1413.07,370.35,482.22,736.07,49.53,31.89,15.33,31.02,87.53,76.34,29.97,13.9,32.03,88.54,45.35,33.27,13.76,31.29,0.12,0.02,NA,0.65,1.2,5.85,3.02,NA,6.44,13.39,0.14,NA,NA,0.04,NA,0.02,NA,NA,NA,NA,NA,NA,NA
"Wyoming",227,312.16,341.55,60.69,242.1,249.06,967.44,935.42,57.52,69.91,360.59,1392.34,393.6,381.73,635.27,1088.61,728.08,157.58,397.59,170.19,805.41,201.42,209.99,753.58,231.75,497.54,391.79,180.83,640.69,69.46,433.31,281.2,209.63,143.65,142.93,97.92,84.29,226.15,72.79,64.27,17,2.43,3.23,24.49,14.4,19.68,4.46,0.75,0.97,5.77,NA,0.43,NA,0.2,NA,NA,NA,1.01,NA,NA,NA,NA,NA,0.65,0.21,NA,NA,NA,0.2,0.61,NA,NA,NA,NA,NA,NA
